timestamp,elapsed_s,label,confidence,yaw,pitch,roll,ear,alert_fired
1782286807.102,0.308,distracted_right,0.99,62.03,162.41,167.3,0.304,0
1782286807.153,0.36,distracted_left,0.99,-72.53,143.82,1.31,0.306,0
1782286807.165,0.371,distracted_up,0.99,-0.03,-169.25,2.17,0.324,0
1782286807.191,0.397,distracted_up,0.99,-0.03,-169.28,-1.85,0.353,0
1782286807.224,0.43,distracted_up,0.99,-0.04,-169.28,-6.76,0.327,0
1782286807.271,0.477,distracted_up,0.99,-0.04,-169.28,1.15,0.326,0
1782286807.304,0.51,distracted_left,0.99,-72.75,145.07,3.92,0.348,0
1782286807.335,0.541,distracted_right,0.99,66.01,163.5,167.55,0.305,0
1782286807.367,0.574,distracted_left,0.99,-66.46,-113.76,-35.46,0.384,0
1782286807.399,0.606,distracted_left,0.99,-72.91,143.88,1.77,0.332,0
1782286807.434,0.641,distracted_right,0.99,80.68,32.51,42.59,0.379,0
1782286807.467,0.673,distracted_left,0.99,-72.9,143.67,2.5,0.362,0
1782286807.498,0.704,distracted_right,0.99,82.43,-92.15,-168.71,0.323,0
1782286807.528,0.735,distracted_right,0.99,66.22,170.06,172.5,0.358,0
1782286807.561,0.767,distracted_up,0.99,-0.04,-169.29,9.8,0.355,0
1782286807.591,0.798,distracted_left,0.99,-72.74,143.8,6.21,0.438,0
1782286807.623,0.83,attentive,0.99,-0.24,-0.03,-0.08,0.443,0
1782286807.671,0.877,distracted_right,0.897,44.84,163.33,-13.61,0.393,0
1782286807.705,0.911,distracted_left,0.99,-72.72,142.99,9.49,0.447,0
1782286807.736,0.942,distracted_up,0.99,-0.03,-169.28,12.98,0.405,0
1782286807.769,0.975,distracted_left,0.99,-70.97,139.31,57.15,0.415,0
1782286807.8,1.006,distracted_right,0.89,44.48,167.2,-10.37,0.362,0
1782286807.832,1.038,distracted_up,0.99,-0.03,-169.27,3.36,0.295,0
1782286807.862,1.069,distracted_left,0.99,-71.9,142.53,22.18,0.243,0
1782286807.894,1.101,distracted_right,0.99,49.48,173.98,175.14,0.26,0
1782286807.927,1.133,distracted_right,0.569,28.43,168.04,-8.43,0.255,0
1782286807.959,1.165,distracted_down,0.99,23.52,169.03,-7.67,0.258,0
1782286807.991,1.197,distracted_down,0.99,18.48,169.35,-6.33,0.253,0
1782286808.023,1.229,distracted_down,0.99,14.93,169.94,-5.97,0.261,0
1782286808.069,1.276,distracted_down,0.99,9.15,169.45,-4.86,0.251,0
1782286808.102,1.309,distracted_down,0.99,3.85,170.58,-3.97,0.249,0
1782286808.134,1.341,distracted_down,0.99,-1.18,170.87,-2.97,0.237,0
1782286808.17,1.376,distracted_down,0.99,-4.86,171.02,-2.15,0.241,0
1782286808.2,1.406,distracted_down,0.99,-5.14,171.73,-1.94,0.239,0
1782286808.231,1.437,distracted_down,0.99,-6.04,172.47,-1.54,0.232,0
1782286808.263,1.469,distracted_down,0.99,-8.81,173.23,-0.86,0.248,0
1782286808.295,1.502,distracted_down,0.99,-11.12,172.68,-0.49,0.246,0
1782286808.327,1.534,distracted_down,0.99,-14.94,174.35,-0.66,0.239,0
1782286808.36,1.566,distracted_down,0.99,-11.68,173.95,-0.58,0.238,0
1782286808.392,1.599,distracted_down,0.99,-11.73,174.48,-0.32,0.239,0
1782286808.422,1.629,distracted_down,0.99,-13.17,174.75,-0.09,0.238,0
1782286808.454,1.661,distracted_down,0.99,-13.73,175.24,-0.08,0.246,0
1782286808.502,1.708,distracted_down,0.99,-14.45,174.87,0.25,0.254,0
1782286808.535,1.741,distracted_down,0.99,-15.89,174.36,0.59,0.258,0
1782286808.566,1.772,distracted_down,0.99,-16.12,174.12,0.52,0.261,0
1782286808.6,1.806,distracted_down,0.99,-16.45,174.1,0.57,0.25,0
1782286808.631,1.837,distracted_down,0.99,-16.62,174.47,0.53,0.258,0
1782286808.662,1.868,distracted_down,0.99,-17.53,175.19,0.23,0.251,0
1782286808.695,1.901,distracted_down,0.99,-17.34,174.19,0.18,0.26,0
1782286808.728,1.934,distracted_down,0.99,-18.31,174.03,0.18,0.264,0
1782286808.759,1.965,distracted_down,0.99,-17.35,173.31,0.22,0.256,0
1782286808.791,1.997,distracted_down,0.99,-15.62,173.46,-0.23,0.247,0
1782286808.824,2.03,distracted_down,0.99,-16.91,173.79,-0.1,0.253,0
1782286808.855,2.061,distracted_down,0.99,-16.39,174.02,-0.31,0.247,0
1782286808.903,2.109,distracted_down,0.99,-17.68,174.21,-0.41,0.245,0
1782286808.937,2.143,distracted_down,0.99,-17.87,173.99,-0.14,0.251,0
1782286808.967,2.174,distracted_down,0.99,-17.08,174.14,-0.33,0.25,0
1782286808.998,2.205,distracted_down,0.99,-17.77,174.11,-0.26,0.25,0
1782286809.03,2.237,distracted_down,0.99,-18.56,174.2,-0.23,0.248,0
1782286809.064,2.27,distracted_down,0.99,-18.75,173.95,-0.22,0.25,0
1782286809.095,2.301,distracted_down,0.99,-19.05,173.69,-0.13,0.251,0
1782286809.126,2.333,distracted_down,0.99,-18.94,174.09,-0.32,0.252,0
1782286809.159,2.365,distracted_down,0.99,-18.41,173.64,-0.17,0.25,0
1782286809.191,2.397,distracted_down,0.99,-19.38,174.17,-0.39,0.25,0
1782286809.222,2.428,distracted_down,0.99,-19.31,173.58,-0.16,0.247,0
1782286809.255,2.461,distracted_down,0.99,-19.15,174.43,-0.43,0.251,0
1782286809.303,2.51,distracted_down,0.99,-19.35,174.31,-0.37,0.247,0
1782286809.334,2.541,distracted_down,0.99,-19.51,174.4,-0.35,0.252,0
1782286809.368,2.574,distracted_down,0.99,-19.85,174.91,-0.78,0.251,0
1782286809.399,2.605,distracted_down,0.99,-20.52,174.75,-0.8,0.266,0
1782286809.431,2.637,distracted_down,0.99,-19.81,174.8,-0.92,0.273,0
1782286809.463,2.67,distracted_down,0.99,-20.99,174.52,-0.88,0.284,1
1782286809.494,2.7,distracted_down,0.99,-20.86,174.89,-0.87,0.288,0
1782286809.526,2.732,distracted_down,0.99,-20.13,174.78,-1.03,0.281,0
1782286809.559,2.765,distracted_down,0.99,-19.11,174.87,-1.04,0.281,0
1782286809.59,2.796,distracted_down,0.99,-19.67,175.07,-1.33,0.275,0
1782286809.625,2.831,distracted_down,0.99,-20.69,174.98,-1.25,0.273,0
1782286809.657,2.863,distracted_down,0.99,-20.53,174.77,-1.21,0.271,0
1782286809.703,2.909,distracted_down,0.99,-19.35,174.05,-1.21,0.282,0
1782286809.735,2.941,distracted_down,0.99,-19.85,174.11,-1.31,0.265,0
1782286809.768,2.974,distracted_down,0.99,-20.24,174.22,-1.5,0.28,0
1782286809.8,3.006,distracted_down,0.99,-19.98,173.98,-1.79,0.28,0
1782286809.831,3.037,distracted_down,0.99,-20.61,174.28,-1.77,0.262,0
1782286809.862,3.068,distracted_down,0.99,-20.24,173.79,-1.49,0.265,0
1782286809.896,3.102,distracted_down,0.99,-18.82,173.66,-1.56,0.26,0
1782286809.929,3.136,distracted_down,0.99,-19.78,173.53,-1.31,0.27,0
1782286809.958,3.164,distracted_down,0.99,-18.93,173.25,-0.88,0.277,0
1782286809.991,3.197,distracted_down,0.99,-17.59,172.8,-0.73,0.279,0
1782286810.023,3.229,distracted_down,0.99,-14.71,171.76,-0.72,0.28,0
1782286810.055,3.261,distracted_down,0.99,-13.89,171.44,0.02,0.274,0
1782286810.103,3.309,distracted_down,0.99,-14.46,171.94,0.35,0.263,0
1782286810.136,3.342,distracted_down,0.99,-13.43,173.23,-0.78,0.264,0
1782286810.191,3.397,distracted_down,0.99,-11.54,172.5,-0.64,0.282,0
1782286810.199,3.405,distracted_down,0.99,-13.21,172.88,-1.23,0.285,0
1782286810.231,3.438,distracted_down,0.99,-9.09,174.51,-1.18,0.287,0
1782286810.265,3.471,distracted_down,0.99,-10.71,176.14,-1.77,0.291,0
1782286810.296,3.502,distracted_down,0.99,-10.45,173.98,-1.83,0.272,0
1782286810.327,3.533,distracted_down,0.99,-11.62,177.83,-2.44,0.281,0
1782286810.359,3.566,distracted_down,0.99,-12.11,178.24,-1.99,0.301,0
1782286810.391,3.598,distracted_down,0.99,-12.54,178.07,-2.09,0.285,0
1782286810.424,3.63,distracted_down,0.99,-11.38,179.78,-2.03,0.293,0
1782286810.455,3.661,distracted_down,0.99,-12.99,178.76,-2.26,0.28,0
1782286810.504,3.71,distracted_down,0.99,-13.02,179.9,-2.62,0.288,0
1782286810.537,3.743,distracted_down,0.99,-13.37,179.83,-2.41,0.282,0
1782286810.568,3.775,distracted_down,0.99,-13.12,179.74,-2.33,0.286,0
1782286810.599,3.805,distracted_down,0.99,-13.51,179.86,-2.74,0.28,0
1782286810.631,3.838,distracted_up,0.99,-12.85,-179.6,-3.36,0.275,0
1782286810.665,3.872,distracted_up,0.99,-13.5,-179.4,-3.29,0.279,0
1782286810.695,3.902,distracted_up,0.99,-11.61,-179.58,-2.85,0.264,0
1782286810.727,3.933,distracted_up,0.99,-10.87,-179.54,-2.7,0.283,0
1782286810.761,3.967,distracted_up,0.99,-10.42,-179.41,-2.88,0.275,0
1782286810.791,3.997,distracted_up,0.99,-9.26,-179.63,-2.66,0.281,0
1782286810.825,4.031,distracted_up,0.99,-10.66,-178.39,-3.11,0.28,0
1782286810.855,4.061,distracted_up,0.99,-11.53,-177.64,-3.61,0.291,0
1782286810.903,4.11,distracted_up,0.99,-12.18,-177.29,-3.46,0.284,0
1782286810.935,4.141,distracted_up,0.99,-11.84,-178.18,-3.12,0.284,0
1782286810.967,4.173,distracted_up,0.99,-6.14,-178.6,-2.31,0.282,0
1782286810.999,4.205,distracted_down,0.99,-7.84,179.76,-2.09,0.3,0
1782286811.031,4.237,distracted_down,0.99,-7.03,179.6,-2.47,0.277,0
1782286811.063,4.269,distracted_down,0.99,-8.2,179.42,-2.21,0.292,0
1782286811.095,4.301,distracted_down,0.99,-7.63,178.59,-2.21,0.289,0
1782286811.127,4.333,distracted_down,0.99,-7.42,179.2,-2.6,0.282,0
1782286811.16,4.366,distracted_down,0.99,-7.53,179.94,-2.45,0.272,0
1782286811.192,4.398,distracted_down,0.99,-6.52,179.58,-2.43,0.28,0
1782286811.225,4.431,distracted_down,0.99,-7.84,179.82,-2.42,0.267,0
1782286811.255,4.461,distracted_up,0.99,-11.77,-179.89,-2.41,0.275,0
1782286811.287,4.493,distracted_up,0.99,-14.03,-179.7,-2.67,0.28,0
1782286811.337,4.543,distracted_up,0.99,-13.71,-179.67,-2.55,0.269,0
1782286811.369,4.575,distracted_up,0.99,-13.23,-180.0,-2.33,0.274,0
1782286811.399,4.606,distracted_up,0.99,-12.36,-179.95,-2.48,0.267,0
1782286811.431,4.638,distracted_up,0.99,-12.89,-179.95,-2.69,0.27,0
1782286811.463,4.669,distracted_up,0.99,-13.34,-179.65,-2.8,0.269,0
1782286811.495,4.701,distracted_up,0.99,-12.53,-179.2,-2.87,0.272,0
1782286811.527,4.733,distracted_up,0.99,-13.18,-179.62,-2.62,0.272,0
1782286811.559,4.765,distracted_up,0.99,-13.22,-179.46,-2.95,0.275,0
1782286811.592,4.798,distracted_up,0.99,-13.81,-179.55,-3.08,0.269,0
1782286811.623,4.829,distracted_up,0.99,-13.9,-179.13,-3.18,0.261,0
1782286811.656,4.862,distracted_up,0.99,-12.43,-179.74,-3.15,0.267,0
1782286811.688,4.894,distracted_down,0.99,-11.6,179.69,-3.13,0.259,0
1782286811.739,4.945,distracted_down,0.99,-10.65,179.24,-3.28,0.256,0
1782286811.769,4.975,distracted_down,0.99,-9.49,179.28,-3.15,0.259,0
1782286811.799,5.005,distracted_down,0.99,-9.51,179.21,-3.39,0.254,0
1782286811.83,5.037,distracted_down,0.99,-10.34,179.02,-3.31,0.257,0
1782286811.863,5.07,distracted_down,0.99,-9.61,179.3,-3.36,0.259,0
1782286811.896,5.102,distracted_down,0.99,-9.42,179.75,-3.44,0.259,0
1782286811.926,5.133,distracted_up,0.99,-10.52,-179.88,-3.67,0.26,0
1782286811.958,5.165,distracted_up,0.99,-12.21,-179.84,-3.66,0.258,0
1782286811.99,5.197,distracted_up,0.99,-13.12,-179.24,-3.79,0.253,0
1782286812.022,5.229,distracted_up,0.99,-12.79,-178.9,-3.82,0.259,0
1782286812.054,5.261,distracted_up,0.99,-11.91,-178.89,-3.66,0.256,0
1782286812.087,5.294,distracted_up,0.99,-11.68,-178.71,-3.61,0.25,0
1782286812.135,5.342,distracted_up,0.99,-11.15,-178.84,-3.49,0.242,0
1782286812.166,5.373,distracted_up,0.99,-12.12,-179.16,-3.28,0.247,0
1782286812.199,5.406,distracted_up,0.99,-12.04,-179.35,-3.18,0.245,0
1782286812.231,5.438,distracted_up,0.99,-11.91,-178.97,-3.55,0.243,0
1782286812.28,5.487,distracted_up,0.99,-12.47,-179.0,-3.51,0.248,0
1782286812.295,5.501,distracted_up,0.99,-14.17,-178.13,-3.77,0.251,0
1782286812.327,5.533,distracted_up,0.99,-13.23,-177.33,-3.65,0.249,0
1782286812.358,5.565,distracted_up,0.99,-14.9,-177.46,-3.7,0.256,0
1782286812.391,5.598,distracted_up,0.99,-16.06,-178.87,-3.31,0.257,0
1782286812.423,5.629,distracted_up,0.99,-16.83,-179.55,-3.34,0.263,0
1782286812.454,5.66,distracted_up,0.99,-17.44,-179.79,-3.24,0.264,0
1782286812.487,5.693,distracted_down,0.99,-19.49,179.7,-3.54,0.274,0
1782286812.535,5.741,distracted_up,0.99,-20.71,-179.77,-3.78,0.262,0
1782286812.566,5.772,distracted_down,0.99,-20.62,179.45,-3.55,0.251,0
1782286812.599,5.806,distracted_up,0.99,-22.41,-179.0,-3.63,0.247,0
1782286812.631,5.837,distracted_up,0.99,-20.07,-179.47,-3.46,0.242,0
1782286812.662,5.868,distracted_up,0.99,-22.06,-179.14,-3.7,0.254,0
1782286812.694,5.9,distracted_up,0.99,-21.64,-179.14,-3.37,0.249,0
1782286812.728,5.934,distracted_down,0.99,-19.49,179.81,-3.36,0.256,0
1782286812.76,5.966,distracted_up,0.99,-17.93,-179.32,-3.39,0.263,0
1782286812.791,5.997,distracted_up,0.99,-14.62,-178.67,-3.48,0.231,0
1782286812.823,6.029,distracted_up,0.99,-9.48,-177.35,-3.11,0.241,0
1782286812.856,6.062,distracted_up,0.99,-4.41,-177.97,-3.29,0.265,0
1782286812.888,6.094,distracted_up,0.99,10.27,-179.26,-3.01,0.251,0
1782286812.935,6.141,distracted_up,0.99,17.91,-179.89,-2.73,0.253,0
1782286812.968,6.174,distracted_down,0.99,20.17,179.72,-2.71,0.255,0
1782286812.999,6.205,distracted_up,0.99,22.72,-179.91,-2.68,0.252,0
1782286813.034,6.24,distracted_up,0.99,23.41,-179.37,-2.62,0.257,0
1782286813.063,6.27,distracted_up,0.99,23.61,-179.31,-2.95,0.256,0
1782286813.097,6.303,distracted_up,0.99,23.98,-179.45,-2.99,0.26,0
1782286813.128,6.335,distracted_up,0.99,23.14,-179.31,-3.06,0.253,0
1782286813.158,6.365,distracted_up,0.99,23.3,-179.69,-3.26,0.257,0
1782286813.192,6.399,distracted_down,0.99,23.53,174.87,174.06,0.257,0
1782286813.222,6.429,distracted_up,0.99,24.2,-179.65,-3.22,0.261,0
1782286813.255,6.462,distracted_up,0.99,21.79,-178.2,-3.15,0.27,0
1782286813.286,6.493,distracted_up,0.99,24.33,-177.14,-3.47,0.28,0
1782286813.334,6.54,distracted_right,0.546,27.28,-175.68,-3.51,0.271,0
1782286813.366,6.572,distracted_right,0.601,30.05,-176.38,-4.07,0.296,0
1782286813.401,6.608,distracted_right,0.656,32.78,-176.77,-4.65,0.292,0
1782286813.431,6.637,distracted_right,0.721,36.05,-176.92,-4.46,0.276,0
1782286813.463,6.669,distracted_right,0.727,36.35,-175.77,-3.87,0.281,0
1782286813.494,6.701,distracted_right,0.736,36.81,-176.83,-5.19,0.262,0
1782286813.527,6.733,distracted_right,0.676,33.82,-179.2,-7.83,0.224,0
1782286813.558,6.764,distracted_right,0.659,32.97,-178.91,-8.23,0.215,0
1782286813.591,6.797,distracted_right,0.581,29.03,-177.21,-8.8,0.215,0
1782286813.622,6.829,drowsy,0.6,,,,0.174,0
1782286813.654,6.861,drowsy,0.633,,,,0.198,0
1782286813.686,6.893,distracted_right,0.619,30.97,177.47,-11.37,0.233,0
1782286813.734,6.941,distracted_right,0.587,29.34,174.19,167.92,0.241,0
1782286813.767,6.974,distracted_right,0.753,37.67,178.26,-9.45,0.287,0
1782286813.8,7.007,distracted_right,0.746,37.29,175.37,170.9,0.286,0
1782286813.831,7.037,distracted_right,0.754,37.69,-174.47,-2.35,0.266,0
1782286813.862,7.068,distracted_right,0.736,36.82,-174.5,-2.42,0.25,0
1782286813.895,7.101,distracted_right,0.673,33.63,-172.58,-2.38,0.072,0
1782286813.926,7.132,distracted_right,0.615,30.75,-176.57,-3.12,0.07,0
1782286813.958,7.164,drowsy,0.6,,,,0.198,0
1782286813.991,7.197,distracted_right,0.616,30.81,-176.15,-2.24,0.249,0
1782286814.022,7.228,distracted_right,0.566,28.28,-175.72,-2.03,0.266,0
1782286814.055,7.261,distracted_right,0.528,26.4,-176.62,-2.54,0.266,0
1782286814.086,7.292,distracted_right,0.507,25.33,-176.77,-2.42,0.264,0
1782286814.135,7.341,distracted_up,0.99,23.5,-176.93,-2.54,0.283,0
1782286814.167,7.373,distracted_up,0.99,19.84,-177.02,-2.63,0.275,0
1782286814.199,7.405,distracted_up,0.99,18.42,-177.89,-2.77,0.278,0
1782286814.233,7.439,distracted_up,0.99,18.82,-178.05,-2.84,0.288,0
1782286814.263,7.469,distracted_up,0.99,17.73,-178.01,-2.68,0.301,0
1782286814.295,7.501,distracted_up,0.99,16.57,-178.35,-2.78,0.292,0
1782286814.328,7.534,distracted_up,0.99,12.6,-178.29,-2.52,0.287,0
1782286814.36,7.566,distracted_up,0.99,10.64,-178.05,-2.67,0.285,0
1782286814.391,7.597,distracted_up,0.99,9.5,-178.05,-2.57,0.278,0
1782286814.422,7.629,distracted_up,0.99,9.37,-178.6,-2.66,0.274,0
1782286814.471,7.678,distracted_up,0.99,6.13,-178.63,-2.56,0.274,0
1782286814.489,7.696,distracted_up,0.99,6.87,-178.65,-2.59,0.27,0
1782286814.518,7.725,distracted_up,0.99,7.39,-178.48,-2.59,0.274,0
1782286814.566,7.773,distracted_up,0.99,9.75,-178.39,-2.6,0.275,0
1782286814.599,7.806,distracted_up,0.99,9.55,-178.27,-2.53,0.28,0
1782286814.63,7.836,distracted_up,0.99,8.25,-178.8,-2.59,0.278,0
1782286814.663,7.869,distracted_up,0.99,9.14,-178.36,-2.4,0.283,0
1782286814.696,7.902,distracted_up,0.99,8.47,-178.82,-2.42,0.275,0
1782286814.728,7.934,distracted_up,0.99,6.36,-178.76,-2.51,0.283,0
1782286814.759,7.965,distracted_up,0.99,6.49,-178.69,-2.3,0.282,0
1782286814.791,7.997,distracted_up,0.99,7.81,-179.18,-2.21,0.277,0
1782286814.823,8.029,distracted_up,0.99,7.25,-179.25,-2.26,0.28,0
1782286814.855,8.061,distracted_up,0.99,7.58,-178.85,-2.41,0.288,0
1782286814.887,8.093,distracted_up,0.99,7.86,-179.02,-2.42,0.283,0
1782286814.92,8.126,distracted_up,0.99,9.15,-178.91,-2.44,0.279,0
1782286814.967,8.173,distracted_up,0.99,8.94,-178.99,-2.49,0.278,0
1782286815.0,8.206,distracted_up,0.99,8.91,-178.57,-2.46,0.279,0
1782286815.032,8.238,distracted_up,0.99,10.05,-178.72,-2.46,0.281,0
1782286815.063,8.269,distracted_up,0.99,10.17,-178.72,-2.58,0.276,0
1782286815.095,8.301,distracted_up,0.99,10.74,-178.56,-2.48,0.281,0
1782286815.127,8.334,distracted_up,0.99,10.99,-178.34,-2.37,0.285,0
1782286815.159,8.366,distracted_up,0.99,11.07,-178.38,-2.36,0.286,0
1782286815.19,8.397,distracted_up,0.99,10.68,-178.3,-2.29,0.287,0
1782286815.222,8.428,distracted_up,0.99,10.32,-178.23,-2.26,0.289,0
1782286815.255,8.461,distracted_up,0.99,10.76,-178.35,-2.32,0.285,0
1782286815.287,8.494,distracted_up,0.99,10.36,-178.42,-2.33,0.286,0
1782286815.318,8.524,distracted_up,0.99,9.99,-178.45,-2.29,0.285,0
1782286815.368,8.574,distracted_up,0.99,8.91,-178.52,-2.29,0.282,0
1782286815.4,8.606,distracted_up,0.99,10.04,-178.56,-2.23,0.287,0
1782286815.432,8.638,distracted_up,0.99,9.13,-178.44,-2.28,0.292,0
1782286815.465,8.671,distracted_up,0.99,8.75,-178.52,-2.28,0.291,0
1782286815.496,8.702,distracted_up,0.99,8.52,-178.55,-2.32,0.29,0
1782286815.528,8.734,distracted_up,0.99,8.49,-178.43,-2.23,0.292,0
1782286815.56,8.766,distracted_up,0.99,8.02,-178.74,-2.2,0.288,0
1782286815.592,8.798,distracted_up,0.99,8.7,-179.33,-2.1,0.26,0
1782286815.624,8.83,distracted_down,0.99,11.04,179.68,-2.04,0.12,0
1782286815.655,8.862,distracted_down,0.99,9.72,179.11,-1.59,0.066,0
1782286815.686,8.893,drowsy,0.6,,,,0.139,0
1782286815.717,8.923,drowsy,0.633,,,,0.209,0
1782286815.769,8.976,distracted_up,0.99,4.29,-179.76,-2.29,0.23,0
1782286815.799,9.005,distracted_up,0.99,3.01,-179.11,-2.34,0.258,0
1782286815.831,9.037,distracted_up,0.99,3.48,-178.81,-2.39,0.271,0
1782286815.863,9.069,distracted_up,0.99,3.47,-178.69,-2.44,0.274,0
1782286815.895,9.101,distracted_up,0.99,3.93,-179.1,-2.52,0.274,0
1782286815.927,9.133,distracted_up,0.99,4.76,-179.21,-2.23,0.277,0
1782286815.96,9.166,distracted_up,0.99,5.64,-179.2,-2.01,0.281,0
1782286815.992,9.198,distracted_up,0.99,4.06,-179.0,-1.99,0.285,0
1782286816.023,9.23,distracted_up,0.99,2.55,-178.81,-2.02,0.286,0
1782286816.055,9.262,distracted_up,0.99,1.67,-178.94,-2.03,0.282,0
1782286816.087,9.294,distracted_up,0.99,1.87,-178.94,-1.94,0.281,0
1782286816.12,9.326,distracted_up,0.99,1.73,-178.75,-2.01,0.283,0
1782286816.168,9.375,distracted_up,0.99,1.55,-178.77,-2.06,0.286,0
1782286816.2,9.407,distracted_up,0.99,1.41,-178.95,-2.05,0.281,0
1782286816.232,9.438,distracted_up,0.99,1.48,-178.8,-1.97,0.281,0
1782286816.263,9.469,distracted_up,0.99,1.43,-178.87,-1.94,0.277,0
1782286816.295,9.501,distracted_up,0.99,1.93,-178.58,-1.91,0.281,0
1782286816.328,9.534,distracted_up,0.99,1.85,-178.51,-1.92,0.28,0
1782286816.359,9.565,distracted_up,0.99,1.82,-178.5,-1.88,0.28,0
1782286816.391,9.597,distracted_up,0.99,2.92,-178.48,-1.85,0.281,0
1782286816.423,9.629,distracted_up,0.99,3.81,-178.66,-1.88,0.28,0
1782286816.457,9.663,distracted_up,0.99,2.6,-178.53,-1.93,0.28,0
1782286816.488,9.694,distracted_up,0.99,0.36,-178.76,-2.33,0.273,0
1782286816.519,9.725,distracted_up,0.99,0.15,-178.73,-2.41,0.271,0
1782286816.567,9.773,distracted_up,0.99,-0.45,-178.69,-2.42,0.274,0
1782286816.598,9.804,distracted_up,0.99,-0.44,-178.79,-2.51,0.274,0
1782286816.631,9.837,distracted_up,0.99,-0.52,-178.96,-2.51,0.272,0
1782286816.664,9.87,distracted_up,0.99,-0.35,-178.85,-2.53,0.272,0
1782286816.711,9.917,distracted_up,0.99,-0.22,-179.03,-2.55,0.271,0
1782286816.726,9.933,distracted_up,0.99,0.13,-178.83,-2.48,0.271,0
1782286816.759,9.966,distracted_up,0.99,0.67,-178.83,-2.5,0.272,0
1782286816.79,9.997,distracted_up,0.99,0.35,-178.91,-2.5,0.271,0
1782286816.823,10.029,distracted_up,0.99,0.8,-178.82,-2.49,0.272,0
1782286816.855,10.061,distracted_up,0.99,0.37,-178.99,-2.49,0.272,0
1782286816.888,10.094,distracted_up,0.99,1.16,-179.16,-2.45,0.27,0
1782286816.92,10.126,distracted_up,0.99,0.51,-178.98,-2.5,0.272,0
1782286816.97,10.177,distracted_up,0.99,1.13,-179.06,-2.48,0.27,0
1782286816.998,10.204,distracted_up,0.99,0.35,-179.05,-2.48,0.274,0
1782286817.031,10.237,distracted_up,0.99,0.74,-179.03,-2.47,0.274,0
1782286817.063,10.269,distracted_up,0.99,0.3,-179.0,-2.43,0.277,0
1782286817.095,10.301,distracted_up,0.99,0.09,-178.87,-2.5,0.282,0
1782286817.126,10.332,distracted_up,0.99,-0.16,-178.52,-2.51,0.294,0
1782286817.159,10.365,distracted_up,0.99,0.4,-178.4,-2.54,0.298,0
1782286817.193,10.399,distracted_up,0.99,0.0,-178.58,-2.43,0.297,0
1782286817.223,10.429,distracted_up,0.99,0.21,-178.56,-2.44,0.3,0
1782286817.255,10.461,distracted_up,0.99,0.28,-178.51,-2.35,0.296,0
1782286817.288,10.494,distracted_up,0.99,-0.61,-178.26,-2.32,0.298,1
1782286817.32,10.526,distracted_up,0.99,-0.77,-178.37,-2.31,0.298,0
1782286817.351,10.558,distracted_up,0.99,-1.25,-178.3,-2.29,0.299,0
1782286817.4,10.607,distracted_up,0.99,-1.47,-178.3,-2.29,0.3,0
1782286817.431,10.637,distracted_up,0.99,-1.39,-178.41,-2.3,0.295,0
1782286817.462,10.668,distracted_up,0.99,-2.41,-178.12,-2.33,0.301,0
1782286817.495,10.701,distracted_up,0.99,-2.18,-178.06,-2.29,0.299,0
1782286817.528,10.734,distracted_up,0.99,-2.19,-178.22,-2.22,0.301,0
1782286817.559,10.766,distracted_up,0.99,-2.02,-178.25,-2.2,0.298,0
1782286817.591,10.798,distracted_up,0.99,-1.87,-178.31,-2.2,0.299,0
1782286817.626,10.832,distracted_up,0.99,-2.11,-178.2,-2.2,0.3,0
1782286817.655,10.861,distracted_up,0.99,-2.24,-178.16,-2.25,0.301,0
1782286817.69,10.896,distracted_up,0.99,-3.0,-178.11,-2.22,0.3,0
1782286817.722,10.928,distracted_up,0.99,-2.17,-178.43,-2.16,0.302,0
1782286817.753,10.959,distracted_up,0.99,-2.75,-178.28,-2.19,0.302,0
1782286817.801,11.007,distracted_up,0.99,-3.2,-178.17,-2.19,0.302,0
1782286817.831,11.037,distracted_up,0.99,-2.56,-178.22,-2.18,0.304,0
1782286817.863,11.07,distracted_up,0.99,-2.9,-178.24,-2.16,0.305,0
1782286817.895,11.101,distracted_up,0.99,-2.84,-178.39,-2.16,0.306,0
1782286817.926,11.132,distracted_up,0.99,-2.36,-178.31,-2.17,0.306,0
1782286817.96,11.166,distracted_up,0.99,-3.0,-178.15,-2.17,0.305,0
1782286817.991,11.197,distracted_up,0.99,-2.83,-178.32,-2.12,0.307,0
1782286818.023,11.229,distracted_up,0.99,-3.05,-178.27,-2.15,0.307,0
1782286818.054,11.26,distracted_up,0.99,-2.44,-178.63,-2.01,0.299,0
1782286818.089,11.295,distracted_up,0.99,-1.28,-178.73,-1.86,0.296,0
1782286818.119,11.325,distracted_up,0.99,-1.5,-178.74,-1.87,0.292,0
1782286818.151,11.357,distracted_up,0.99,-1.04,-178.91,-1.93,0.296,0
1782286818.2,11.407,distracted_up,0.99,-1.35,-178.86,-1.98,0.296,0
1782286818.23,11.437,distracted_up,0.99,-1.95,-179.01,-1.92,0.287,0
1782286818.265,11.472,distracted_up,0.99,-0.9,-179.35,-1.76,0.281,0
1782286818.298,11.504,distracted_up,0.99,0.49,-179.2,-1.64,0.285,0
1782286818.331,11.537,distracted_up,0.99,0.54,-179.2,-1.62,0.284,0
1782286818.362,11.568,distracted_up,0.99,0.45,-179.27,-1.62,0.286,0
1782286818.392,11.598,distracted_up,0.99,1.14,-179.25,-1.54,0.286,0
1782286818.423,11.629,distracted_up,0.99,0.88,-179.4,-1.57,0.284,0
1782286818.455,11.661,distracted_up,0.99,0.9,-179.5,-1.56,0.287,0
1782286818.487,11.693,distracted_up,0.99,1.38,-179.5,-1.53,0.285,0
1782286818.519,11.725,distracted_up,0.99,0.51,-179.63,-1.58,0.285,0
1782286818.552,11.758,distracted_up,0.99,0.75,-179.69,-1.61,0.286,0
1782286818.6,11.807,distracted_up,0.99,0.53,-179.67,-1.59,0.281,0
1782286818.632,11.839,distracted_up,0.99,0.77,-179.78,-1.62,0.283,0
1782286818.663,11.869,distracted_up,0.99,0.19,-179.85,-1.64,0.281,0
1782286818.695,11.901,distracted_up,0.99,-0.2,-179.75,-1.65,0.28,0
1782286818.726,11.933,distracted_up,0.99,-0.63,-179.85,-1.63,0.278,0
1782286818.76,11.967,distracted_up,0.99,-1.08,-179.83,-1.68,0.277,0
1782286818.791,11.997,distracted_up,0.99,-1.01,-179.91,-1.66,0.277,0
1782286818.824,12.03,distracted_up,0.99,-1.23,-179.84,-1.64,0.275,0
1782286818.856,12.062,distracted_up,0.99,-1.48,-179.84,-1.64,0.273,0
1782286818.887,12.093,distracted_up,0.99,-1.05,-179.72,-1.53,0.274,0
1782286818.937,12.143,distracted_up,0.99,-1.21,-179.74,-1.53,0.273,0
1782286818.951,12.157,distracted_up,0.99,-1.34,-179.57,-1.51,0.272,0
1782286818.999,12.206,distracted_up,0.99,-1.61,-179.52,-1.49,0.273,0
1782286819.031,12.238,distracted_up,0.99,-2.29,-179.27,-1.51,0.277,0
1782286819.062,12.269,distracted_up,0.99,-3.1,-178.85,-1.57,0.274,0
1782286819.095,12.301,distracted_up,0.99,-2.7,-178.94,-1.58,0.274,0
1782286819.128,12.334,distracted_up,0.99,-2.21,-178.6,-1.65,0.274,0
1782286819.159,12.365,distracted_up,0.99,-1.26,-178.74,-1.54,0.277,0
1782286819.192,12.398,distracted_up,0.99,-2.43,-178.74,-1.71,0.276,0
1782286819.223,12.429,distracted_up,0.99,-2.14,-178.37,-1.64,0.277,0
1782286819.256,12.462,distracted_up,0.99,-2.43,-178.5,-1.65,0.274,0
1782286819.289,12.495,distracted_up,0.99,-3.05,-178.35,-1.63,0.271,0
1782286819.32,12.526,distracted_up,0.99,-4.25,-178.49,-1.75,0.275,0
1782286819.351,12.557,distracted_up,0.99,-3.94,-178.19,-1.72,0.272,0
1782286819.4,12.606,distracted_up,0.99,-4.5,-178.03,-1.81,0.276,0
1782286819.433,12.639,distracted_up,0.99,-4.82,-178.06,-1.84,0.276,0
1782286819.463,12.669,distracted_up,0.99,-5.08,-178.31,-1.86,0.274,0
1782286819.497,12.703,distracted_up,0.99,-5.04,-178.46,-1.86,0.275,0
1782286819.527,12.733,distracted_up,0.99,-5.35,-178.64,-2.22,0.284,0
1782286819.559,12.765,distracted_up,0.99,-5.94,-178.32,-2.22,0.308,0
1782286819.59,12.796,distracted_up,0.99,-5.57,-178.67,-2.23,0.317,0
1782286819.623,12.83,distracted_up,0.99,-5.36,-178.78,-2.23,0.318,0
1782286819.654,12.861,distracted_up,0.99,-4.53,-178.95,-2.09,0.318,0
1782286819.688,12.894,distracted_up,0.99,-5.11,-178.88,-2.18,0.311,0
1782286819.72,12.927,distracted_up,0.99,-4.24,-178.92,-2.09,0.303,0
1782286819.751,12.958,distracted_up,0.99,-3.74,-179.24,-2.08,0.295,0
1782286819.799,13.006,distracted_up,0.99,-3.53,-179.25,-2.02,0.286,0
1782286819.832,13.039,distracted_up,0.99,-4.73,-179.03,-2.08,0.288,0
1782286819.863,13.07,distracted_up,0.99,-4.86,-179.41,-2.12,0.294,0
1782286819.894,13.1,distracted_down,0.99,-5.85,179.83,-2.05,0.299,0
1782286819.928,13.134,distracted_down,0.99,-6.09,179.82,-2.03,0.292,0
1782286819.959,13.165,distracted_down,0.99,-6.22,178.76,-1.86,0.29,0
1782286819.991,13.197,distracted_down,0.99,-6.94,178.58,-1.75,0.286,0
1782286820.023,13.229,distracted_down,0.99,-6.98,178.02,-1.7,0.291,0
1782286820.055,13.261,distracted_down,0.99,-7.49,177.87,-1.75,0.286,0
1782286820.086,13.293,distracted_down,0.99,-6.71,177.81,-1.75,0.297,0
1782286820.12,13.326,distracted_down,0.99,-6.34,177.34,-1.55,0.291,0
1782286820.151,13.357,distracted_down,0.99,-5.97,177.4,-1.53,0.294,0
1782286820.2,13.406,distracted_down,0.99,-6.24,177.17,-1.51,0.294,0
1782286820.231,13.437,distracted_down,0.99,-6.25,176.94,-1.4,0.291,0
1782286820.263,13.469,distracted_down,0.99,-6.2,176.68,-1.36,0.283,0
1782286820.296,13.502,distracted_down,0.99,-5.86,176.68,-1.32,0.281,0
1782286820.327,13.533,distracted_down,0.99,-5.46,176.52,-1.31,0.289,0
1782286820.362,13.568,distracted_down,0.99,-6.12,176.3,-1.31,0.287,0
1782286820.392,13.599,distracted_down,0.99,-6.12,176.07,-1.32,0.287,0
1782286820.424,13.631,distracted_down,0.99,-6.19,175.8,-1.21,0.304,0
1782286820.455,13.661,distracted_down,0.99,-6.05,175.42,-0.99,0.302,0
1782286820.487,13.693,distracted_down,0.99,-5.73,174.99,-1.03,0.3,0
1782286820.52,13.726,distracted_down,0.99,-5.2,174.0,-0.94,0.304,0
1782286820.55,13.757,distracted_down,0.99,-5.32,173.62,-0.78,0.305,0
1782286820.584,13.79,distracted_down,0.99,-4.6,173.3,-0.75,0.299,0
1782286820.633,13.839,distracted_down,0.99,-5.53,173.33,-0.74,0.299,0
1782286820.663,13.869,distracted_down,0.99,-4.71,172.93,-0.7,0.302,0
1782286820.695,13.901,distracted_down,0.99,-5.04,172.73,-0.69,0.292,0
1782286820.728,13.934,distracted_down,0.99,-5.0,172.68,-0.71,0.293,0
1782286820.762,13.968,distracted_down,0.99,-4.79,172.91,-0.66,0.291,0
1782286820.792,13.998,distracted_down,0.99,-4.29,173.02,-0.6,0.289,0
1782286820.824,14.03,distracted_down,0.99,-4.58,173.34,-0.69,0.285,0
1782286820.856,14.062,distracted_down,0.99,-4.54,173.14,-0.69,0.287,0
1782286820.888,14.094,distracted_down,0.99,-24.77,168.12,-177.73,0.289,0
1782286820.92,14.126,distracted_down,0.99,-4.83,173.35,-0.73,0.287,0
1782286820.951,14.157,distracted_down,0.99,-3.82,172.87,-0.77,0.291,0
1782286820.983,14.19,distracted_down,0.99,-4.36,172.86,-0.73,0.289,0
1782286821.048,14.255,distracted_down,0.99,-3.88,172.81,-0.8,0.289,0
1782286821.062,14.269,distracted_down,0.99,-4.24,173.04,-0.82,0.288,0
1782286821.094,14.301,distracted_down,0.99,-4.07,173.13,-0.87,0.291,0
1782286821.128,14.335,distracted_down,0.99,-4.14,173.1,-0.82,0.29,0
1782286821.159,14.366,distracted_down,0.99,-3.84,172.94,-0.78,0.289,0
1782286821.19,14.396,distracted_down,0.99,-2.84,172.6,-0.62,0.28,0
1782286821.224,14.431,distracted_down,0.99,-2.86,172.63,-0.74,0.277,0
1782286821.256,14.462,distracted_down,0.99,-3.24,172.68,-0.56,0.282,0
1782286821.288,14.494,distracted_down,0.99,-2.37,172.6,-0.69,0.272,0
1782286821.32,14.526,distracted_down,0.99,-2.95,172.69,-0.56,0.279,0
1782286821.352,14.558,distracted_down,0.99,-2.35,172.51,-0.72,0.271,0
1782286821.385,14.591,distracted_down,0.99,-3.07,172.62,-0.55,0.278,0
1782286821.434,14.64,distracted_down,0.99,-2.29,172.54,-0.78,0.27,1
1782286821.464,14.67,distracted_down,0.99,-2.38,172.26,-0.62,0.275,0
1782286821.495,14.701,distracted_down,0.99,-2.11,172.53,-0.83,0.272,0
1782286821.527,14.733,distracted_down,0.99,-3.18,172.63,-0.82,0.273,0
1782286821.559,14.766,distracted_down,0.99,-3.71,172.73,-0.99,0.279,0
1782286821.591,14.797,distracted_down,0.99,-3.63,172.89,-0.96,0.275,0
1782286821.622,14.828,distracted_down,0.99,-3.54,172.72,-1.1,0.277,0
1782286821.655,14.861,distracted_down,0.99,-3.88,172.69,-1.09,0.28,0
1782286821.687,14.894,distracted_down,0.99,-3.75,172.93,-1.1,0.277,0
1782286821.718,14.925,distracted_down,0.99,-3.78,173.0,-1.08,0.279,0
1782286821.751,14.958,distracted_down,0.99,-3.46,172.95,-1.02,0.276,0
1782286821.783,14.989,distracted_down,0.99,-3.53,173.08,-1.04,0.276,0
1782286821.833,15.04,distracted_down,0.99,-3.46,173.17,-1.1,0.278,0
1782286821.864,15.07,distracted_down,0.99,-3.69,173.42,-1.01,0.279,0
1782286821.896,15.102,distracted_down,0.99,-3.37,173.6,-1.01,0.283,0
1782286821.928,15.134,distracted_down,0.99,-4.21,174.09,-0.95,0.283,0
1782286821.96,15.166,distracted_down,0.99,-4.17,174.32,-1.08,0.291,0
1782286821.99,15.197,distracted_down,0.99,-3.9,173.89,-1.12,0.285,0
1782286822.023,15.23,distracted_down,0.99,-4.33,173.72,-1.16,0.291,0
1782286822.055,15.261,distracted_down,0.99,-4.12,173.98,-1.21,0.292,0
1782286822.087,15.293,distracted_down,0.99,-4.23,174.27,-1.27,0.296,0
1782286822.119,15.325,distracted_down,0.99,-4.22,174.58,-1.28,0.295,0
1782286822.15,15.357,distracted_down,0.99,-4.54,174.59,-1.31,0.294,0
1782286822.184,15.39,distracted_down,0.99,-4.07,175.09,-1.43,0.288,0
1782286822.231,15.437,distracted_down,0.99,-6.41,176.71,-1.56,0.28,0
1782286822.262,15.469,distracted_down,0.99,-5.94,178.41,-1.41,0.28,0
1782286822.296,15.502,distracted_down,0.99,-5.49,179.37,-1.55,0.288,0
1782286822.327,15.533,distracted_up,0.99,-6.77,-179.79,-1.71,0.299,0
1782286822.359,15.565,distracted_up,0.99,-4.85,-178.4,-1.7,0.301,0
1782286822.392,15.598,distracted_up,0.99,-3.46,-177.48,-1.75,0.303,0
1782286822.424,15.63,distracted_up,0.99,-5.19,-176.88,-2.05,0.312,0
1782286822.455,15.661,distracted_up,0.99,-3.17,-176.06,-2.06,0.31,0
1782286822.486,15.692,distracted_up,0.99,-1.21,-176.12,-1.92,0.302,0
1782286822.52,15.726,distracted_up,0.99,-3.0,-175.7,-1.99,0.302,0
1782286822.551,15.757,distracted_up,0.99,-1.16,-175.69,-1.95,0.305,0
1782286822.584,15.79,distracted_up,0.99,-2.18,-175.38,-2.13,0.301,0
1782286822.631,15.837,distracted_up,0.99,-0.91,-175.0,-1.95,0.3,0
1782286822.664,15.87,distracted_up,0.99,-1.53,-174.72,-1.98,0.299,0
1782286822.696,15.902,distracted_up,0.99,-1.1,-174.47,-1.98,0.302,0
1782286822.728,15.934,distracted_up,0.99,-0.52,-174.27,-2.0,0.31,0
1782286822.761,15.967,distracted_up,0.99,-0.19,-174.13,-1.93,0.31,0
1782286822.792,15.998,distracted_up,0.99,0.36,-174.5,-1.97,0.308,0
1782286822.824,16.03,distracted_up,0.99,0.75,-174.34,-1.91,0.309,0
1782286822.855,16.061,distracted_up,0.99,0.46,-174.42,-1.92,0.308,0
1782286822.888,16.095,distracted_up,0.99,0.02,-174.47,-1.94,0.308,0
1782286822.919,16.126,distracted_up,0.99,0.6,-174.23,-1.91,0.31,0
1782286822.952,16.159,distracted_up,0.99,0.87,-174.46,-1.85,0.309,0
1782286822.983,16.189,distracted_up,0.99,0.52,-174.33,-1.9,0.309,0
1782286823.034,16.24,distracted_up,0.99,0.06,-174.2,-1.88,0.309,0
1782286823.064,16.27,distracted_up,0.99,0.49,-174.2,-1.83,0.311,0
1782286823.095,16.301,distracted_up,0.99,0.49,-174.22,-1.86,0.311,0
1782286823.146,16.352,distracted_up,0.99,0.0,-174.22,-1.93,0.313,0
1782286823.159,16.365,distracted_up,0.99,-0.34,-174.4,-1.96,0.312,0
1782286823.192,16.398,distracted_up,0.99,-0.2,-174.63,-1.95,0.312,0
1782286823.223,16.429,distracted_up,0.99,-0.78,-174.6,-2.02,0.315,0
1782286823.254,16.46,distracted_up,0.99,-0.06,-174.71,-2.0,0.318,0
1782286823.288,16.494,distracted_up,0.99,-0.36,-174.9,-1.97,0.317,0
1782286823.319,16.525,distracted_up,0.99,-0.02,-174.76,-1.85,0.318,0
1782286823.352,16.558,distracted_up,0.99,-0.25,-175.01,-1.86,0.314,0
1782286823.383,16.59,distracted_up,0.99,-1.29,-175.12,-1.91,0.315,0
1782286823.433,16.64,distracted_up,0.99,-0.95,-174.95,-1.87,0.315,0
1782286823.463,16.669,distracted_up,0.99,-0.81,-174.99,-1.81,0.315,0
1782286823.495,16.701,distracted_up,0.99,-0.36,-174.7,-1.83,0.315,0
1782286823.528,16.734,distracted_up,0.99,-0.73,-175.07,-1.82,0.314,0
1782286823.56,16.766,distracted_up,0.99,-1.14,-174.98,-1.84,0.316,0
1782286823.593,16.799,distracted_up,0.99,-1.17,-175.21,-1.76,0.314,0
1782286823.626,16.832,distracted_up,0.99,-1.03,-175.11,-1.81,0.313,0
1782286823.654,16.86,distracted_up,0.99,-1.08,-175.17,-1.83,0.314,0
1782286823.689,16.895,distracted_up,0.99,-1.66,-175.13,-1.84,0.315,0
1782286823.719,16.925,distracted_up,0.99,-1.69,-175.11,-1.8,0.314,0
1782286823.752,16.958,distracted_up,0.99,-1.54,-175.13,-1.76,0.315,0
1782286823.785,16.991,distracted_up,0.99,-1.99,-174.93,-1.81,0.314,0
1782286823.816,17.022,distracted_up,0.99,-1.91,-175.1,-1.87,0.317,0
1782286823.864,17.071,distracted_up,0.99,-1.23,-174.93,-1.76,0.317,0
1782286823.896,17.103,distracted_up,0.99,-1.55,-174.96,-1.74,0.313,0
1782286823.928,17.134,distracted_up,0.99,-0.78,-175.02,-1.74,0.314,0
1782286823.959,17.165,distracted_up,0.99,-0.5,-175.04,-1.7,0.313,0
1782286823.991,17.197,distracted_up,0.99,-0.94,-174.86,-1.7,0.314,0
1782286824.024,17.23,distracted_up,0.99,-0.65,-174.87,-1.73,0.313,0
1782286824.055,17.261,distracted_up,0.99,-0.07,-174.84,-1.72,0.312,0
1782286824.088,17.294,distracted_up,0.99,-0.49,-174.8,-1.67,0.314,0
1782286824.121,17.327,distracted_up,0.99,-1.63,-175.02,-1.76,0.311,0
1782286824.152,17.358,distracted_up,0.99,-1.47,-174.99,-1.68,0.311,0
1782286824.185,17.392,distracted_up,0.99,-1.88,-174.83,-1.68,0.312,0
1782286824.216,17.423,distracted_up,0.99,-2.19,-174.45,-1.74,0.311,0
1782286824.266,17.472,distracted_up,0.99,-2.96,-174.07,-1.88,0.314,0
1782286824.297,17.504,distracted_up,0.99,-6.57,-173.79,-2.1,0.314,0
1782286824.327,17.533,distracted_up,0.99,-8.74,-173.41,-2.11,0.305,0
1782286824.359,17.565,distracted_up,0.99,-11.32,-174.01,-2.0,0.319,0
1782286824.391,17.597,distracted_up,0.99,-15.35,-174.85,-2.18,0.302,0
1782286824.422,17.628,distracted_up,0.99,-18.37,-176.55,-2.03,0.302,0
1782286824.455,17.661,distracted_up,0.99,-19.61,-176.14,-1.89,0.309,0
1782286824.486,17.693,distracted_up,0.99,-20.57,-176.14,-1.9,0.295,0
1782286824.52,17.727,distracted_up,0.99,-21.56,-175.94,-1.96,0.309,0
1782286824.55,17.757,distracted_up,0.99,-21.94,-175.66,-1.87,0.306,0
1782286824.582,17.788,distracted_up,0.99,-22.17,-175.36,-1.79,0.305,0
1782286824.617,17.823,distracted_up,0.99,-22.12,-175.48,-1.7,0.305,0
1782286824.667,17.873,distracted_up,0.99,-22.25,-175.64,-1.57,0.307,0
1782286824.696,17.902,distracted_up,0.99,-22.02,-175.43,-1.59,0.31,0
1782286824.728,17.934,distracted_up,0.99,-22.68,-175.52,-1.53,0.309,0
1782286824.759,17.966,distracted_up,0.99,-22.1,-175.3,-1.45,0.316,0
1782286824.792,17.999,distracted_up,0.99,-21.93,-175.49,-1.34,0.311,0
1782286824.823,18.03,distracted_up,0.99,-22.05,-175.48,-1.41,0.311,0
1782286824.855,18.062,distracted_up,0.99,-22.24,-175.39,-1.59,0.319,0
1782286824.888,18.094,distracted_up,0.99,-21.9,-175.42,-1.51,0.309,0
1782286824.919,18.125,distracted_up,0.99,-21.86,-174.93,-1.58,0.315,0
1782286824.951,18.158,distracted_up,0.99,-21.51,-175.19,-1.54,0.3,0
1782286824.983,18.189,distracted_up,0.99,-21.56,-176.39,-1.58,0.276,0
1782286825.014,18.221,distracted_up,0.99,-22.32,-176.46,-1.7,0.264,0
1782286825.062,18.269,distracted_up,0.99,-20.76,-177.39,-1.01,0.102,0
1782286825.095,18.302,distracted_up,0.99,-13.36,-178.21,-1.11,0.026,0
1782286825.127,18.333,drowsy,0.6,,,,0.025,0
1782286825.16,18.366,drowsy,0.633,,,,0.055,0
1782286825.19,18.396,drowsy,0.667,,,,0.137,0
1782286825.222,18.429,drowsy,0.7,,,,0.199,0
1782286825.255,18.461,distracted_up,0.99,15.96,-178.78,-1.11,0.223,0
1782286825.287,18.493,distracted_up,0.99,17.5,-178.46,-1.02,0.246,0
1782286825.338,18.544,distracted_up,0.99,19.99,-177.6,-1.12,0.263,0
1782286825.351,18.557,distracted_up,0.99,19.8,-177.86,-1.51,0.259,0
1782286825.383,18.589,distracted_up,0.99,18.89,-177.81,-1.9,0.263,0
1782286825.415,18.621,distracted_up,0.99,19.52,-177.77,-2.01,0.257,0
1782286825.466,18.672,distracted_up,0.99,20.42,-178.06,-2.06,0.195,0
1782286825.496,18.702,distracted_up,0.99,18.42,-178.43,-2.13,0.036,0
1782286825.526,18.732,drowsy,0.6,,,,0.072,0
1782286825.558,18.765,drowsy,0.633,,,,0.163,0
1782286825.592,18.798,distracted_up,0.99,18.4,-178.55,-2.52,0.227,0
1782286825.623,18.829,distracted_up,0.99,17.44,-178.39,-2.69,0.248,0
1782286825.655,18.861,distracted_up,0.99,16.1,-178.22,-2.72,0.27,0
1782286825.689,18.895,distracted_up,0.99,16.75,-178.11,-2.82,0.279,0
1782286825.718,18.924,distracted_up,0.99,15.74,-178.09,-2.9,0.283,0
1782286825.752,18.959,distracted_up,0.99,15.45,-178.22,-2.94,0.284,0
1782286825.783,18.99,distracted_up,0.99,18.98,-177.75,-2.6,0.158,0
1782286825.816,19.022,distracted_up,0.99,14.65,-178.74,-2.55,0.028,0
1782286825.865,19.071,drowsy,0.6,,,,0.076,0
1782286825.895,19.101,drowsy,0.633,,,,0.178,0
1782286825.928,19.135,drowsy,0.667,,,,0.219,0
1782286825.959,19.166,distracted_up,0.99,13.2,-177.98,-2.4,0.24,0
1782286825.991,19.197,distracted_up,0.99,13.22,-177.85,-2.4,0.261,0
1782286826.024,19.23,distracted_up,0.99,12.83,-177.87,-2.49,0.265,0
1782286826.055,19.261,distracted_up,0.99,12.68,-177.91,-2.3,0.234,0
1782286826.087,19.293,distracted_up,0.99,16.31,-178.47,-1.76,0.091,0
1782286826.12,19.326,distracted_up,0.99,14.1,-178.03,-2.15,0.07,0
1782286826.15,19.357,drowsy,0.6,,,,0.141,0
1782286826.183,19.389,drowsy,0.633,,,,0.219,0
1782286826.216,19.422,distracted_up,0.99,11.7,-177.91,-2.08,0.24,0
1782286826.265,19.471,distracted_up,0.99,12.17,-178.11,-2.13,0.256,0
1782286826.295,19.501,distracted_up,0.99,11.8,-178.09,-2.28,0.255,0
1782286826.328,19.534,distracted_up,0.99,11.05,-178.34,-2.18,0.248,0
1782286826.362,19.568,distracted_up,0.99,10.1,-178.47,-2.04,0.231,0
1782286826.392,19.598,distracted_up,0.99,11.1,-178.21,-1.83,0.224,0
1782286826.423,19.63,distracted_up,0.99,11.53,-178.43,-1.75,0.183,0
1782286826.456,19.662,distracted_up,0.99,10.29,-179.25,-1.59,0.042,0
1782286826.487,19.693,drowsy,0.6,,,,0.03,0
1782286826.517,19.724,drowsy,0.633,,,,0.037,0
1782286826.55,19.756,drowsy,0.667,,,,0.033,0
1782286826.582,19.788,drowsy,0.7,,,,0.035,0
1782286826.616,19.823,drowsy,0.733,,,,0.027,0
1782286826.662,19.868,drowsy,0.767,,,,0.034,0
1782286826.696,19.902,drowsy,0.8,,,,0.032,0
1782286826.727,19.933,drowsy,0.833,,,,0.034,0
1782286826.76,19.966,drowsy,0.867,,,,0.041,0
1782286826.791,19.998,drowsy,0.9,,,,0.038,0
1782286826.823,20.03,drowsy,0.933,,,,0.038,0
1782286826.855,20.062,drowsy,0.967,,,,0.044,0
1782286826.889,20.095,drowsy,0.99,,,,0.049,0
1782286826.919,20.125,drowsy,0.99,,,,0.046,0
1782286826.953,20.159,drowsy,0.99,,,,0.046,0
1782286826.983,20.19,drowsy,0.99,,,,0.047,0
1782286827.015,20.221,drowsy,0.99,,,,0.054,0
1782286827.046,20.252,drowsy,0.99,,,,0.054,0
1782286827.094,20.301,drowsy,0.99,,,,0.058,0
1782286827.127,20.333,drowsy,0.99,,,,0.057,0
1782286827.158,20.364,drowsy,0.99,,,,0.057,0
1782286827.191,20.397,drowsy,0.99,,,,0.061,0
1782286827.222,20.428,drowsy,0.99,,,,0.065,0
1782286827.255,20.461,drowsy,0.99,,,,0.073,0
1782286827.286,20.493,drowsy,0.99,,,,0.071,0
1782286827.319,20.525,drowsy,0.99,,,,0.075,0
1782286827.351,20.557,drowsy,0.99,,,,0.084,0
1782286827.382,20.588,drowsy,0.99,,,,0.09,0
1782286827.414,20.621,drowsy,0.99,,,,0.094,0
1782286827.445,20.652,drowsy,0.99,,,,0.129,0
1782286827.495,20.702,drowsy,0.99,,,,0.16,0
1782286827.526,20.733,drowsy,0.99,,,,0.134,0
1782286827.577,20.783,drowsy,0.99,,,,0.169,0
1782286827.59,20.796,drowsy,0.99,,,,0.145,0
1782286827.622,20.828,drowsy,0.99,,,,0.137,0
1782286827.653,20.859,drowsy,0.99,,,,0.104,0
1782286827.686,20.892,drowsy,0.99,,,,0.117,0
1782286827.718,20.924,drowsy,0.99,,,,0.142,0
1782286827.75,20.956,drowsy,0.99,,,,0.19,0
1782286827.784,20.99,drowsy,0.99,,,,0.218,0
1782286827.816,21.022,distracted_right,0.599,29.93,-159.06,-12.35,0.245,0
1782286827.849,21.055,distracted_right,0.598,29.91,-159.0,-12.44,0.249,0
1782286827.897,21.103,distracted_right,0.592,29.58,-159.48,-12.29,0.267,0
1782286827.928,21.134,distracted_right,0.544,27.2,-159.95,168.47,0.277,0
1782286827.96,21.166,distracted_right,0.544,27.18,-160.86,168.15,0.266,0
1782286827.992,21.199,distracted_right,0.575,28.73,-159.54,-12.48,0.239,0
1782286828.023,21.23,distracted_right,0.553,27.67,-160.47,-13.01,0.265,0
1782286828.054,21.261,distracted_right,0.536,26.82,-162.73,-13.67,0.244,0
1782286828.087,21.293,distracted_up,0.99,22.38,-162.31,-15.16,0.223,0
1782286828.119,21.325,distracted_up,0.99,23.16,-162.29,-13.01,0.214,0
1782286828.151,21.357,distracted_up,0.99,22.89,-159.91,-12.71,0.242,0
1782286828.184,21.39,distracted_up,0.99,23.75,-161.51,-12.94,0.251,0
1782286828.217,21.423,distracted_up,0.99,24.68,-164.5,-13.35,0.257,0
1782286828.249,21.455,distracted_right,0.537,26.86,-166.37,-12.85,0.276,0
1782286828.295,21.502,distracted_right,0.526,26.3,-169.88,166.46,0.245,0
1782286828.328,21.535,distracted_up,0.99,22.48,-167.51,-12.78,0.231,0
1782286828.36,21.567,distracted_up,0.99,23.38,-166.38,-12.71,0.215,0
1782286828.392,21.598,distracted_right,0.5,25.0,-167.19,-11.28,0.242,0
1782286828.423,21.629,distracted_right,0.507,25.36,-167.4,-10.65,0.273,0
1782286828.456,21.662,distracted_right,0.604,30.22,-167.11,-10.61,0.289,0
1782286828.488,21.694,distracted_right,0.607,30.34,-167.88,-11.44,0.263,0
1782286828.519,21.725,distracted_right,0.526,26.32,-166.78,-11.55,0.251,0
1782286828.551,21.757,distracted_up,0.99,22.56,-168.43,-13.26,0.279,0
1782286828.583,21.789,distracted_up,0.99,21.55,-168.59,-13.77,0.262,0
1782286828.615,21.821,distracted_up,0.99,23.23,-170.02,-13.97,0.246,0
1782286828.648,21.854,distracted_up,0.99,22.89,-169.22,-13.51,0.206,0
1782286828.695,21.902,distracted_up,0.99,21.85,-167.81,-13.31,0.209,0
1782286828.727,21.934,distracted_up,0.99,20.14,-167.05,-13.43,0.236,0
1782286828.758,21.964,distracted_up,0.99,21.18,-167.34,-13.2,0.219,0
1782286828.791,21.997,distracted_up,0.99,20.77,-167.74,-13.28,0.222,0
1782286828.823,22.029,distracted_up,0.99,20.19,-166.27,-13.45,0.237,0
1782286828.856,22.062,distracted_up,0.99,20.23,-166.42,-13.81,0.237,0
1782286828.887,22.093,distracted_up,0.99,19.98,-164.95,-13.31,0.232,0
1782286828.92,22.126,distracted_up,0.99,18.17,-164.23,-13.59,0.233,0
1782286828.952,22.158,distracted_up,0.99,21.65,-164.51,-12.41,0.235,0
1782286828.982,22.189,distracted_up,0.99,24.13,-162.4,-10.38,0.216,0
1782286829.015,22.222,distracted_up,0.99,24.49,-164.09,-11.4,0.226,0
1782286829.049,22.255,distracted_up,0.99,24.04,-162.32,-10.23,0.227,0
1782286829.095,22.301,distracted_up,0.99,24.48,-162.84,-11.27,0.233,0
1782286829.127,22.333,distracted_up,0.99,22.11,-162.67,-11.07,0.233,0
1782286829.158,22.364,distracted_right,0.503,25.14,-163.04,-10.57,0.229,0
1782286829.191,22.397,distracted_up,0.99,24.93,-162.24,-11.05,0.207,0
1782286829.223,22.429,distracted_up,0.99,22.33,-162.29,-11.58,0.211,0
1782286829.254,22.46,drowsy,0.6,,,,0.208,0
1782286829.29,22.496,drowsy,0.633,,,,0.215,0
1782286829.32,22.526,drowsy,0.667,,,,0.217,0
1782286829.352,22.558,drowsy,0.7,,,,0.217,0
1782286829.382,22.588,drowsy,0.733,,,,0.209,0
1782286829.416,22.622,drowsy,0.767,,,,0.111,0
1782286829.447,22.653,drowsy,0.8,,,,0.107,0
1782286829.496,22.702,drowsy,0.833,,,,0.132,0
1782286829.528,22.734,drowsy,0.867,,,,0.12,0
1782286829.559,22.765,drowsy,0.9,,,,0.113,0
1782286829.59,22.797,drowsy,0.933,,,,0.107,0
1782286829.624,22.831,drowsy,0.967,,,,0.165,0
1782286829.654,22.861,drowsy,0.99,,,,0.213,0
1782286829.686,22.892,drowsy,0.99,,,,0.2,0
1782286829.718,22.924,drowsy,0.99,,,,0.216,0
1782286829.752,22.958,distracted_up,0.99,20.91,-159.81,-7.47,0.232,0
1782286829.798,23.005,distracted_up,0.99,20.83,-158.63,-7.55,0.238,0
1782286829.815,23.021,distracted_up,0.99,20.52,-157.66,-7.37,0.23,0
1782286829.847,23.053,distracted_up,0.99,20.98,-157.11,-7.38,0.201,0
1782286829.896,23.102,distracted_up,0.99,18.9,-153.98,-6.18,0.12,0
1782286829.926,23.132,drowsy,0.6,,,,0.128,0
1782286829.959,23.165,drowsy,0.633,,,,0.142,0
1782286829.991,23.197,drowsy,0.667,,,,0.1,0
1782286830.022,23.228,drowsy,0.7,,,,0.123,0
1782286830.055,23.261,drowsy,0.733,,,,0.105,0
1782286830.087,23.293,drowsy,0.767,,,,0.116,0
1782286830.118,23.324,drowsy,0.8,,,,0.126,0
1782286830.152,23.358,drowsy,0.833,,,,0.131,0
1782286830.183,23.389,drowsy,0.867,,,,0.164,0
1782286830.217,23.424,drowsy,0.9,,,,0.158,0
1782286830.248,23.455,drowsy,0.933,,,,0.137,0
1782286830.276,23.482,no_face,0.0,,,,0.0,0
1782286830.33,23.536,drowsy,0.967,,,,0.191,0
1782286830.36,23.566,distracted_up,0.99,19.43,-150.57,167.05,0.263,0
1782286830.393,23.599,distracted_up,0.99,15.24,-149.03,165.69,0.212,0
1782286830.425,23.631,distracted_up,0.99,19.57,-148.9,165.49,0.227,0
1782286830.455,23.661,distracted_up,0.99,16.83,-147.27,165.18,0.224,0
1782286830.485,23.692,no_face,0.0,,,,0.0,0
1782286830.519,23.726,no_face,0.0,,,,0.0,0
1782286830.55,23.756,no_face,0.0,,,,0.0,0
1782286830.583,23.79,no_face,0.0,,,,0.0,0
1782286830.616,23.823,no_face,0.0,,,,0.0,0
1782286830.646,23.853,no_face,0.0,,,,0.0,0
1782286830.679,23.885,no_face,0.0,,,,0.0,0
1782286830.727,23.933,no_face,0.0,,,,0.0,0
1782286830.758,23.965,no_face,0.0,,,,0.0,0
1782286830.79,23.996,no_face,0.0,,,,0.0,0
1782286830.823,24.029,no_face,0.0,,,,0.0,0
1782286830.854,24.06,no_face,0.0,,,,0.0,0
1782286830.886,24.092,no_face,0.0,,,,0.0,0
1782286830.917,24.124,no_face,0.0,,,,0.0,0
1782286830.95,24.156,no_face,0.0,,,,0.0,0
1782286830.982,24.188,no_face,0.0,,,,0.0,0
1782286831.012,24.219,no_face,0.0,,,,0.0,0
1782286831.047,24.254,no_face,0.0,,,,0.0,0
1782286831.075,24.281,no_face,0.0,,,,0.0,0
1782286831.126,24.332,no_face,0.0,,,,0.0,0
1782286831.157,24.364,no_face,0.0,,,,0.0,0
1782286831.189,24.395,no_face,0.0,,,,0.0,0
1782286831.221,24.427,no_face,0.0,,,,0.0,0
1782286831.253,24.459,no_face,0.0,,,,0.0,0
1782286831.288,24.494,no_face,0.0,,,,0.0,0
1782286831.316,24.522,no_face,0.0,,,,0.0,0
1782286831.348,24.554,no_face,0.0,,,,0.0,0
1782286831.381,24.587,no_face,0.0,,,,0.0,0
1782286831.413,24.619,no_face,0.0,,,,0.0,0
1782286831.446,24.652,no_face,0.0,,,,0.0,0
1782286831.479,24.685,no_face,0.0,,,,0.0,0
1782286831.528,24.734,no_face,0.0,,,,0.0,0
1782286831.559,24.765,no_face,0.0,,,,0.0,0
1782286831.59,24.797,no_face,0.0,,,,0.0,0
1782286831.622,24.829,no_face,0.0,,,,0.0,0
1782286831.655,24.862,no_face,0.0,,,,0.0,0
1782286831.688,24.894,no_face,0.0,,,,0.0,0
1782286831.72,24.927,no_face,0.0,,,,0.0,0
1782286831.75,24.956,no_face,0.0,,,,0.0,0
1782286831.783,24.989,no_face,0.0,,,,0.0,0
1782286831.813,25.019,no_face,0.0,,,,0.0,0
1782286831.844,25.05,no_face,0.0,,,,0.0,0
1782286831.877,25.083,no_face,0.0,,,,0.0,0
1782286831.927,25.133,no_face,0.0,,,,0.0,0
1782286831.957,25.163,no_face,0.0,,,,0.0,0
1782286831.991,25.197,no_face,0.0,,,,0.0,0
1782286832.024,25.231,distracted_up,0.99,9.74,-148.17,145.38,0.208,0
1782286832.055,25.262,distracted_up,0.99,-0.95,-165.31,-38.28,0.215,0
1782286832.087,25.293,distracted_up,0.99,-21.66,-160.35,136.25,0.231,0
1782286832.119,25.325,distracted_left,0.629,-31.46,-161.05,134.69,0.214,0
1782286832.151,25.358,distracted_left,0.815,-40.76,-163.37,135.89,0.166,0
1782286832.184,25.39,drowsy,0.6,,,,0.204,0
1782286832.215,25.421,drowsy,0.633,,,,0.162,0
1782286832.246,25.452,drowsy,0.667,,,,0.131,0
1782286832.278,25.484,drowsy,0.7,,,,0.096,0
1782286832.33,25.536,drowsy,0.733,,,,0.091,0
1782286832.359,25.565,drowsy,0.767,,,,0.077,0
1782286832.391,25.598,drowsy,0.8,,,,0.069,0
1782286832.422,25.629,drowsy,0.833,,,,0.199,0
1782286832.456,25.663,distracted_left,0.519,-25.93,-178.85,-16.87,0.27,0
1782286832.487,25.694,distracted_up,0.99,-24.17,-179.28,-15.34,0.275,0
1782286832.519,25.726,distracted_down,0.99,-23.68,179.66,-14.0,0.296,0
1782286832.551,25.758,distracted_down,0.99,-22.53,179.25,-12.42,0.289,0
1782286832.584,25.79,distracted_down,0.99,-21.3,178.95,-10.87,0.299,0
1782286832.615,25.821,distracted_down,0.99,-18.82,178.05,-9.32,0.3,0
1782286832.647,25.853,distracted_down,0.99,-16.96,177.69,-8.64,0.299,0
1782286832.679,25.885,distracted_down,0.99,-15.58,177.75,-7.74,0.286,0
1782286832.728,25.934,distracted_down,0.99,-13.28,176.75,-6.76,0.273,0
1782286832.76,25.966,distracted_down,0.99,-11.67,176.23,-5.69,0.264,0
1782286832.793,25.999,distracted_down,0.99,-9.51,175.19,-4.55,0.259,0
1782286832.824,26.03,distracted_down,0.99,-8.84,174.89,-3.29,0.263,0
1782286832.858,26.064,distracted_down,0.99,-7.99,174.32,-2.29,0.256,0
1782286832.887,26.094,distracted_down,0.99,-5.97,174.55,-1.55,0.267,0
1782286832.92,26.126,distracted_down,0.99,-3.81,173.77,-0.64,0.268,0
1782286832.951,26.157,distracted_down,0.99,-0.85,172.62,-0.18,0.282,0
1782286832.983,26.189,distracted_down,0.99,0.34,171.87,-0.1,0.283,0
1782286833.016,26.222,distracted_down,0.99,-0.38,172.46,0.42,0.291,0
1782286833.047,26.253,distracted_down,0.99,0.27,171.94,0.57,0.298,0
1782286833.079,26.286,distracted_down,0.99,0.1,172.17,0.63,0.292,0
1782286833.127,26.334,distracted_down,0.99,0.9,172.02,0.55,0.309,0
1782286833.16,26.367,distracted_down,0.99,1.88,171.72,0.6,0.314,0
1782286833.191,26.397,distracted_down,0.99,1.25,170.88,0.83,0.318,0
1782286833.224,26.43,distracted_down,0.99,1.14,170.27,0.92,0.317,0
1782286833.255,26.461,distracted_down,0.99,1.04,170.61,0.56,0.319,0
1782286833.288,26.495,distracted_down,0.99,-0.39,170.98,0.36,0.35,0
1782286833.32,26.526,distracted_down,0.99,0.86,169.74,0.32,0.34,0
1782286833.351,26.557,distracted_down,0.99,1.12,168.54,-0.08,0.341,0
1782286833.384,26.59,distracted_down,0.99,0.87,167.73,-0.16,0.343,0
1782286833.417,26.623,distracted_down,0.99,1.17,166.77,-0.1,0.327,0
1782286833.448,26.654,distracted_down,0.99,1.1,166.77,-0.08,0.323,0
1782286833.479,26.686,distracted_down,0.99,1.41,166.82,-0.21,0.327,0
1782286833.512,26.718,distracted_down,0.99,1.73,166.55,-0.35,0.334,0
1782286833.577,26.783,distracted_down,0.99,1.87,166.51,-0.4,0.335,0
1782286833.59,26.796,distracted_down,0.99,1.85,166.4,-0.42,0.331,0
1782286833.622,26.828,distracted_down,0.99,1.8,166.21,-0.37,0.326,0
1782286833.655,26.861,distracted_down,0.99,2.11,165.89,-0.13,0.319,0
1782286833.688,26.894,distracted_down,0.99,1.75,165.61,-0.02,0.322,0
1782286833.719,26.925,distracted_down,0.99,2.14,165.3,-0.0,0.323,0
1782286833.751,26.957,distracted_down,0.99,2.65,165.13,0.08,0.318,0
1782286833.783,26.989,distracted_down,0.99,2.77,164.21,0.42,0.307,0
1782286833.814,27.02,distracted_down,0.99,2.09,163.8,0.75,0.31,0
1782286833.848,27.054,distracted_down,0.99,2.47,163.18,0.92,0.297,0
1782286833.88,27.086,distracted_down,0.99,2.05,161.58,0.94,0.286,0
1782286833.911,27.117,distracted_down,0.99,2.14,161.08,0.81,0.292,0
1782286833.961,27.167,distracted_down,0.99,1.12,160.84,1.09,0.283,0
1782286833.991,27.197,distracted_down,0.99,1.39,160.7,1.12,0.282,0
1782286834.023,27.23,distracted_down,0.99,1.35,160.49,1.23,0.286,1
1782286834.055,27.261,distracted_down,0.99,0.74,160.21,1.31,0.281,0
1782286834.087,27.293,distracted_down,0.99,0.93,160.33,1.5,0.282,0
1782286834.119,27.325,distracted_down,0.99,0.42,160.1,1.73,0.281,0
1782286834.152,27.358,distracted_down,0.99,0.84,160.22,1.75,0.279,0
1782286834.182,27.388,distracted_down,0.99,0.6,161.0,1.64,0.279,0
1782286834.214,27.42,distracted_down,0.99,-0.03,160.63,1.85,0.278,0
1782286834.247,27.453,distracted_down,0.99,0.23,161.03,1.71,0.276,0
1782286834.279,27.485,distracted_down,0.99,0.45,161.58,1.62,0.272,0
1782286834.311,27.517,distracted_down,0.99,0.55,161.83,1.5,0.279,0
1782286834.359,27.565,distracted_down,0.99,0.49,162.07,1.42,0.274,0
1782286834.39,27.597,distracted_down,0.99,1.12,162.61,1.48,0.275,0
1782286834.422,27.629,distracted_down,0.99,0.0,162.85,1.33,0.28,0
1782286834.454,27.661,distracted_down,0.99,0.17,163.14,1.34,0.28,0
1782286834.488,27.694,distracted_down,0.99,0.09,163.37,1.15,0.286,0
1782286834.52,27.726,distracted_down,0.99,0.12,163.06,1.08,0.28,0
1782286834.55,27.756,distracted_down,0.99,-0.19,163.53,1.26,0.28,0
1782286834.583,27.789,distracted_down,0.99,-0.72,164.33,1.09,0.275,0
1782286834.614,27.821,distracted_down,0.99,-1.43,164.66,1.23,0.3,0
1782286834.647,27.854,distracted_down,0.99,-1.89,166.44,0.95,0.289,0
1782286834.679,27.885,distracted_down,0.99,-1.91,167.69,0.71,0.29,0
1782286834.712,27.918,distracted_down,0.99,-2.15,168.54,0.73,0.289,0
1782286834.76,27.967,distracted_down,0.99,-1.75,168.82,0.74,0.28,0
1782286834.792,27.998,distracted_down,0.99,-1.8,169.7,0.57,0.275,0
1782286834.823,28.029,distracted_down,0.99,-2.58,170.36,0.51,0.288,0
1782286834.854,28.06,distracted_down,0.99,-3.5,171.73,0.25,0.29,0
1782286834.886,28.093,distracted_down,0.99,-3.29,172.45,0.17,0.289,0
1782286834.919,28.125,distracted_down,0.99,-2.87,173.18,0.04,0.282,0
1782286834.952,28.158,distracted_down,0.99,-3.64,174.98,-0.08,0.278,0
1782286834.983,28.189,distracted_down,0.99,-4.2,175.42,-0.19,0.276,0
1782286835.015,28.221,distracted_down,0.99,-4.06,175.26,-0.06,0.279,0
1782286835.047,28.253,distracted_down,0.99,-3.73,175.57,-0.23,0.285,0
1782286835.079,28.286,distracted_down,0.99,-4.25,176.38,-0.1,0.286,0
1782286835.111,28.318,distracted_down,0.99,-5.32,177.11,-0.36,0.29,0
1782286835.159,28.366,distracted_down,0.99,-4.62,178.94,-0.56,0.296,0
1782286835.192,28.398,distracted_down,0.99,-3.69,179.68,-0.76,0.306,0
1782286835.222,28.429,distracted_up,0.99,-4.27,-179.84,-0.96,0.307,0
1782286835.255,28.461,distracted_up,0.99,-3.69,-179.23,-1.05,0.301,0
1782286835.287,28.493,distracted_up,0.99,-2.78,-179.03,-1.26,0.307,0
1782286835.318,28.524,distracted_up,0.99,-2.06,-178.37,-1.3,0.317,0
1782286835.351,28.557,distracted_up,0.99,-2.99,-177.28,-1.68,0.324,0
1782286835.383,28.589,distracted_up,0.99,-1.58,-176.74,-1.71,0.333,0
1782286835.418,28.624,distracted_up,0.99,-1.61,-175.88,-1.78,0.334,0
1782286835.448,28.654,distracted_up,0.99,0.4,-175.15,-1.6,0.34,0
1782286835.481,28.687,distracted_up,0.99,0.97,-174.56,-1.52,0.338,0
1782286835.512,28.718,distracted_up,0.99,2.15,-174.09,-1.43,0.333,0
1782286835.561,28.767,distracted_up,0.99,1.7,-173.75,-1.49,0.332,0
1782286835.591,28.797,distracted_up,0.99,1.48,-173.16,-1.51,0.332,0
1782286835.624,28.831,distracted_up,0.99,2.22,-172.93,-1.46,0.34,0
1782286835.673,28.88,distracted_up,0.99,2.19,-172.46,-1.53,0.345,0
1782286835.687,28.894,distracted_up,0.99,2.2,-172.27,-1.51,0.35,0
1782286835.72,28.926,distracted_up,0.99,0.57,-171.77,-1.61,0.352,0
1782286835.751,28.957,distracted_up,0.99,1.09,-171.11,-1.6,0.359,0
1782286835.784,28.99,distracted_up,0.99,0.26,-171.2,-1.74,0.36,0
1782286835.815,29.021,distracted_up,0.99,0.37,-171.1,-1.73,0.355,0
1782286835.848,29.055,distracted_up,0.99,-0.31,-170.79,-1.88,0.353,0
1782286835.881,29.088,distracted_up,0.99,1.47,-170.5,-1.77,0.359,0
1782286835.911,29.118,distracted_up,0.99,1.6,-170.24,-1.71,0.357,0
1782286835.959,29.166,distracted_up,0.99,0.66,-169.7,-1.76,0.353,0
1782286835.991,29.197,distracted_up,0.99,0.3,-170.05,-1.76,0.356,0
1782286836.023,29.229,distracted_up,0.99,0.73,-170.47,-1.69,0.347,0
1782286836.055,29.261,distracted_up,0.99,0.68,-170.88,-1.58,0.348,0
1782286836.086,29.292,distracted_up,0.99,0.09,-170.64,-1.64,0.351,0
1782286836.12,29.326,distracted_up,0.99,0.43,-170.35,-1.6,0.356,0
1782286836.151,29.357,distracted_up,0.99,-0.59,-170.32,-1.51,0.344,0
1782286836.185,29.391,distracted_up,0.99,0.01,-170.08,-1.45,0.35,0
1782286836.215,29.422,distracted_up,0.99,1.9,-170.16,-1.33,0.355,0
1782286836.247,29.453,distracted_up,0.99,1.08,-169.96,-1.41,0.364,0
1782286836.279,29.486,distracted_up,0.99,-2.01,-169.67,-1.83,0.378,0
1782286836.312,29.518,distracted_up,0.99,3.43,-169.05,-1.86,0.359,0
1782286836.361,29.568,distracted_up,0.99,7.89,-167.83,-1.46,0.358,0
1782286836.391,29.598,distracted_up,0.99,3.46,-166.69,-2.11,0.362,0
1782286836.424,29.63,distracted_up,0.99,3.85,-165.41,-2.23,0.355,0
1782286836.455,29.661,distracted_up,0.99,4.26,-163.99,-2.54,0.359,0
1782286836.488,29.694,distracted_up,0.99,2.22,-163.18,-3.0,0.355,0
1782286836.521,29.727,distracted_up,0.99,1.06,-163.38,-3.07,0.355,0
1782286836.552,29.758,distracted_up,0.99,1.44,-163.24,-3.18,0.355,0
1782286836.585,29.791,distracted_up,0.99,1.58,-163.41,-3.1,0.356,0
1782286836.615,29.821,distracted_up,0.99,1.25,-163.22,-3.17,0.363,0
1782286836.648,29.854,distracted_up,0.99,1.54,-163.59,-3.13,0.361,0
1782286836.681,29.887,distracted_up,0.99,0.99,-163.79,-3.2,0.355,0
1782286836.712,29.918,distracted_up,0.99,2.2,-163.47,-3.09,0.364,0
1782286836.743,29.95,distracted_up,0.99,3.37,-163.6,-2.88,0.366,0
1782286836.792,29.999,distracted_up,0.99,2.04,-163.66,-3.02,0.361,0
1782286836.823,30.029,distracted_up,0.99,2.81,-163.73,-2.84,0.36,0
1782286836.856,30.062,distracted_up,0.99,2.21,-163.88,-2.82,0.355,0
1782286836.888,30.094,distracted_up,0.99,4.56,-164.26,-2.55,0.24,0
1782286836.92,30.126,distracted_up,0.99,3.52,-162.6,-2.76,0.075,0
1782286836.953,30.159,distracted_up,0.99,0.7,-163.9,-3.57,0.079,0
1782286836.985,30.191,distracted_up,0.99,-0.51,-165.19,-2.77,0.24,0
1782286837.016,30.222,distracted_up,0.99,1.25,-165.16,-2.45,0.283,0
1782286837.049,30.255,distracted_up,0.99,-0.55,-165.05,-2.59,0.305,0
1782286837.079,30.285,distracted_up,0.99,0.1,-164.6,-2.48,0.315,0
1782286837.112,30.318,distracted_up,0.99,-1.08,-164.59,-2.63,0.324,0
1782286837.144,30.35,distracted_up,0.99,-0.97,-164.71,-2.57,0.328,0
1782286837.193,30.399,distracted_up,0.99,-1.11,-164.47,-2.5,0.336,0
1782286837.223,30.429,distracted_up,0.99,-0.27,-164.63,-2.35,0.351,0
1782286837.256,30.462,distracted_up,0.99,0.62,-164.81,-2.2,0.349,0
1782286837.288,30.494,distracted_up,0.99,0.61,-164.98,-2.25,0.352,0
1782286837.319,30.526,distracted_up,0.99,1.6,-165.5,-2.2,0.362,0
1782286837.352,30.558,distracted_up,0.99,2.61,-165.95,-1.86,0.36,0
1782286837.383,30.589,distracted_up,0.99,2.11,-166.07,-1.85,0.361,0
1782286837.415,30.622,distracted_up,0.99,3.0,-166.02,-1.71,0.367,0
1782286837.446,30.653,distracted_up,0.99,1.16,-166.14,-1.91,0.365,0
1782286837.48,30.686,distracted_up,0.99,1.49,-166.03,-1.91,0.361,0
1782286837.512,30.718,distracted_up,0.99,0.42,-166.3,-1.95,0.36,0
1782286837.543,30.749,distracted_up,0.99,1.07,-166.4,-1.85,0.353,0
1782286837.594,30.8,distracted_up,0.99,2.11,-166.67,-1.64,0.355,0
1782286837.622,30.829,distracted_up,0.99,1.28,-166.88,-1.68,0.365,0
1782286837.655,30.862,distracted_up,0.99,-1.25,-167.48,-1.64,0.368,0
1782286837.686,30.893,distracted_up,0.99,0.79,-167.29,-1.35,0.364,0
1782286837.722,30.928,distracted_up,0.99,1.19,-167.17,-1.32,0.365,0
1782286837.752,30.958,distracted_up,0.99,1.85,-167.64,-1.22,0.361,0
1782286837.784,30.99,distracted_up,0.99,2.11,-167.37,-1.23,0.363,0
1782286837.816,31.022,distracted_up,0.99,1.72,-167.38,-1.34,0.367,0
1782286837.848,31.055,distracted_up,0.99,2.17,-167.57,-1.23,0.365,0
1782286837.896,31.102,distracted_up,0.99,2.01,-168.09,-1.22,0.364,0
1782286837.911,31.117,distracted_up,0.99,1.92,-168.35,-1.22,0.365,0
1782286837.943,31.15,distracted_up,0.99,1.77,-168.86,-1.18,0.366,0
1782286837.99,31.197,distracted_up,0.99,3.02,-169.06,-0.99,0.365,0
1782286838.024,31.23,distracted_up,0.99,3.12,-169.21,-0.97,0.366,1
1782286838.054,31.26,distracted_up,0.99,3.01,-169.56,-0.87,0.365,0
1782286838.087,31.293,distracted_up,0.99,0.33,-169.92,-1.16,0.36,0
1782286838.119,31.325,distracted_up,0.99,1.24,-170.59,-1.29,0.361,0
1782286838.151,31.357,distracted_up,0.99,1.5,-171.02,-1.27,0.364,0
1782286838.182,31.388,distracted_up,0.99,0.29,-171.14,-1.22,0.359,0
1782286838.215,31.421,distracted_up,0.99,-0.18,-171.62,-1.28,0.362,0
1782286838.248,31.454,distracted_up,0.99,0.12,-171.8,-1.2,0.357,0
1782286838.279,31.485,distracted_up,0.99,1.55,-171.91,-1.06,0.352,0
1782286838.311,31.517,distracted_up,0.99,0.8,-171.93,-1.05,0.348,0
1782286838.343,31.549,distracted_up,0.99,0.1,-171.52,-1.12,0.352,0
1782286838.39,31.597,distracted_up,0.99,0.25,-171.56,-1.09,0.35,0
1782286838.424,31.631,distracted_up,0.99,-0.11,-171.37,-1.11,0.351,0
1782286838.456,31.663,distracted_up,0.99,0.24,-171.76,-1.07,0.349,0
1782286838.487,31.693,distracted_up,0.99,0.57,-172.19,-1.09,0.343,0
1782286838.52,31.727,distracted_up,0.99,1.07,-171.92,-1.09,0.344,0
1782286838.551,31.757,distracted_up,0.99,0.53,-172.35,-1.12,0.343,0
1782286838.584,31.79,distracted_up,0.99,0.47,-172.26,-1.13,0.342,0
1782286838.616,31.822,distracted_up,0.99,-1.26,-172.19,-1.31,0.342,0
1782286838.646,31.853,distracted_up,0.99,-1.15,-172.59,-1.26,0.332,0
1782286838.681,31.888,distracted_up,0.99,-1.61,-172.6,-1.28,0.325,0
1782286838.711,31.918,distracted_up,0.99,-1.58,-172.72,-1.29,0.318,0
1782286838.743,31.95,distracted_up,0.99,-1.63,-173.38,-1.31,0.321,0
1782286838.791,31.997,distracted_up,0.99,-1.95,-173.42,-1.34,0.32,0
1782286838.823,32.029,distracted_up,0.99,-0.53,-173.35,-1.21,0.322,0
1782286838.855,32.061,distracted_up,0.99,-1.26,-173.19,-1.2,0.319,0
1782286838.888,32.094,distracted_up,0.99,-1.06,-172.97,-1.12,0.318,0
1782286838.92,32.126,distracted_up,0.99,-1.67,-172.61,-1.23,0.323,0
1782286838.952,32.158,distracted_up,0.99,-2.31,-172.19,-1.36,0.328,0
1782286838.983,32.189,distracted_up,0.99,-2.05,-172.17,-1.24,0.328,0
1782286839.015,32.221,distracted_up,0.99,-1.51,-172.07,-1.24,0.33,0
1782286839.046,32.253,distracted_up,0.99,-0.73,-172.05,-1.18,0.329,0
1782286839.079,32.285,distracted_up,0.99,-0.57,-172.02,-1.16,0.327,0
1782286839.111,32.318,distracted_up,0.99,-1.43,-172.09,-1.19,0.33,0
1782286839.143,32.35,distracted_up,0.99,-1.51,-172.08,-1.2,0.331,0
1782286839.19,32.396,distracted_up,0.99,-1.18,-171.98,-1.2,0.334,0
1782286839.223,32.43,distracted_up,0.99,-0.62,-172.3,-1.12,0.328,0
1782286839.255,32.462,distracted_up,0.99,-0.38,-172.54,-1.07,0.326,0
1782286839.287,32.493,distracted_up,0.99,-0.89,-172.97,-1.08,0.33,0
1782286839.32,32.526,distracted_up,0.99,-0.85,-172.98,-1.13,0.333,0
1782286839.351,32.557,distracted_up,0.99,-1.48,-173.08,-1.17,0.332,0
1782286839.383,32.59,distracted_up,0.99,-1.6,-173.19,-1.3,0.337,0
1782286839.414,32.621,distracted_up,0.99,-2.87,-173.42,-1.18,0.334,0
1782286839.448,32.654,distracted_up,0.99,-3.48,-173.34,-1.21,0.339,0
1782286839.479,32.685,distracted_up,0.99,-3.28,-173.61,-1.13,0.334,0
1782286839.511,32.717,distracted_up,0.99,-3.03,-173.66,-1.14,0.339,0
1782286839.543,32.749,distracted_up,0.99,-3.31,-173.83,-1.09,0.336,0
1782286839.59,32.797,distracted_up,0.99,-3.59,-173.68,-1.18,0.335,0
1782286839.623,32.83,distracted_up,0.99,-3.58,-173.87,-1.11,0.329,0
1782286839.655,32.861,distracted_up,0.99,-3.7,-173.8,-1.09,0.324,0
1782286839.686,32.892,distracted_up,0.99,-2.92,-174.07,-1.03,0.319,0
1782286839.719,32.925,distracted_up,0.99,-1.53,-174.04,-0.97,0.319,0
1782286839.751,32.957,distracted_up,0.99,-2.17,-174.0,-0.99,0.324,0
1782286839.783,32.989,distracted_up,0.99,-2.66,-174.11,-1.0,0.32,0
1782286839.814,33.02,distracted_up,0.99,-2.53,-174.07,-0.98,0.321,0
1782286839.847,33.053,distracted_up,0.99,-3.01,-173.97,-1.01,0.323,0
1782286839.879,33.085,distracted_up,0.99,-3.87,-174.0,-1.07,0.326,0
1782286839.911,33.117,distracted_up,0.99,-4.54,-174.2,-1.07,0.324,0
1782286839.944,33.15,distracted_up,0.99,-4.15,-174.5,-1.03,0.323,0
1782286839.992,33.199,distracted_up,0.99,-4.11,-174.56,-1.0,0.322,0
1782286840.023,33.229,distracted_up,0.99,-4.2,-174.79,-0.93,0.328,0
1782286840.054,33.261,distracted_up,0.99,-5.4,-174.83,-0.83,0.329,0
1782286840.087,33.293,distracted_up,0.99,-5.12,-175.15,-0.76,0.322,0
1782286840.118,33.324,distracted_up,0.99,-6.41,-175.13,-0.68,0.323,0
1782286840.15,33.356,distracted_up,0.99,-6.19,-174.8,-0.72,0.327,0
1782286840.184,33.39,distracted_up,0.99,-6.51,-175.05,-0.7,0.324,0
1782286840.216,33.423,distracted_up,0.99,-6.54,-175.3,-0.67,0.321,0
1782286840.247,33.454,distracted_up,0.99,-6.1,-175.23,-0.61,0.319,0
1782286840.279,33.485,distracted_up,0.99,-6.52,-175.72,-0.56,0.313,0
1782286840.311,33.517,distracted_up,0.99,-6.02,-175.63,-0.53,0.309,0
1782286840.343,33.549,distracted_up,0.99,-5.97,-177.62,-0.19,0.191,0
1782286840.375,33.581,distracted_up,0.99,-3.18,-179.47,-0.16,0.016,0
1782286840.425,33.631,drowsy,0.6,,,,0.024,0
1782286840.455,33.661,drowsy,0.633,,,,0.178,0
1782286840.487,33.693,drowsy,0.667,,,,0.204,0
1782286840.519,33.725,distracted_up,0.99,-7.49,-177.73,-0.47,0.234,0
1782286840.55,33.757,distracted_up,0.99,-6.9,-177.55,-0.33,0.252,0
1782286840.584,33.79,distracted_up,0.99,-6.93,-176.93,-0.3,0.268,0
1782286840.616,33.822,distracted_up,0.99,-6.33,-176.66,-0.26,0.278,0
1782286840.647,33.853,distracted_up,0.99,-6.26,-176.44,-0.29,0.289,0
1782286840.68,33.886,distracted_up,0.99,-5.56,-176.6,-0.28,0.291,0
1782286840.712,33.918,distracted_up,0.99,-5.96,-176.49,-0.29,0.293,0
1782286840.743,33.949,distracted_up,0.99,-5.38,-176.53,-0.24,0.292,0
1782286840.775,33.982,distracted_up,0.99,-5.37,-176.62,-0.27,0.295,0
1782286840.823,34.029,distracted_up,0.99,-5.58,-176.73,-0.33,0.297,0
1782286840.855,34.062,distracted_up,0.99,-5.52,-176.58,-0.32,0.298,0
1782286840.886,34.092,distracted_up,0.99,-5.36,-176.56,-0.33,0.299,0
1782286840.92,34.126,distracted_up,0.99,-5.37,-176.58,-0.38,0.299,0
1782286840.951,34.157,distracted_up,0.99,-4.94,-176.48,-0.28,0.298,0
1782286840.983,34.189,distracted_up,0.99,-5.37,-176.39,-0.38,0.301,0
1782286841.015,34.221,distracted_up,0.99,-5.01,-176.31,-0.31,0.304,0
1782286841.047,34.253,distracted_up,0.99,-5.33,-176.19,-0.4,0.305,0
1782286841.079,34.286,distracted_up,0.99,-5.2,-176.13,-0.39,0.308,0
1782286841.111,34.317,distracted_up,0.99,-4.22,-176.55,-0.29,0.306,0
1782286841.144,34.35,distracted_up,0.99,-5.63,-176.04,-0.43,0.31,0
1782286841.175,34.381,distracted_up,0.99,-5.53,-176.08,-0.4,0.31,0
1782286841.223,34.429,distracted_up,0.99,-5.12,-176.22,-0.42,0.311,0
1782286841.255,34.461,distracted_up,0.99,-5.61,-175.87,-0.43,0.313,0
1782286841.288,34.494,distracted_up,0.99,-4.72,-176.34,-0.33,0.309,0
1782286841.319,34.525,distracted_up,0.99,-5.84,-176.0,-0.44,0.313,0
1782286841.351,34.557,distracted_up,0.99,-5.59,-176.11,-0.44,0.31,0
1782286841.382,34.589,distracted_up,0.99,-5.11,-176.13,-0.45,0.313,0
1782286841.414,34.621,distracted_up,0.99,-5.03,-176.38,-0.41,0.311,0
1782286841.448,34.655,distracted_up,0.99,-5.25,-176.4,-0.47,0.311,0
1782286841.48,34.686,distracted_up,0.99,-4.88,-176.3,-0.35,0.314,0
1782286841.513,34.719,distracted_up,0.99,-5.6,-176.27,-0.37,0.312,0
1782286841.543,34.749,distracted_up,0.99,-5.78,-176.06,-0.46,0.313,0
1782286841.576,34.782,distracted_up,0.99,-5.39,-176.27,-0.38,0.314,0
1782286841.625,34.831,distracted_up,0.99,-5.91,-176.28,-0.34,0.313,0
1782286841.654,34.86,distracted_up,0.99,-5.84,-176.47,-0.3,0.318,0
1782286841.687,34.893,distracted_up,0.99,-6.43,-176.57,-0.33,0.317,0
1782286841.72,34.926,distracted_up,0.99,-6.17,-177.43,-0.23,0.322,0
1782286841.751,34.957,distracted_up,0.99,-6.79,-178.03,-0.17,0.322,0
1782286841.782,34.989,distracted_up,0.99,-6.86,-178.49,-0.14,0.321,0
1782286841.815,35.022,distracted_up,0.99,-6.68,-179.25,-0.06,0.322,0
1782286841.846,35.052,distracted_up,0.99,-7.98,-179.41,-0.08,0.322,0
1782286841.879,35.085,distracted_up,0.99,-8.27,-179.67,-0.09,0.329,0
1782286841.911,35.117,distracted_down,0.99,-7.44,179.71,0.11,0.321,0
1782286841.944,35.15,distracted_down,0.99,-8.08,179.5,-0.01,0.327,0
1782286841.975,35.182,distracted_down,0.99,-7.58,179.23,0.11,0.319,0
1782286842.023,35.23,distracted_down,0.99,-7.44,178.45,0.12,0.319,0
1782286842.055,35.262,distracted_down,0.99,-7.05,178.33,0.14,0.322,0
1782286842.104,35.31,distracted_down,0.99,-6.42,177.4,0.15,0.326,0
1782286842.119,35.325,distracted_down,0.99,-6.71,177.36,0.2,0.329,0
1782286842.151,35.357,distracted_down,0.99,-7.41,177.01,0.26,0.325,0
1782286842.183,35.389,distracted_down,0.99,-7.8,177.13,0.26,0.325,0
1782286842.215,35.421,distracted_down,0.99,-6.73,177.1,0.25,0.317,0
1782286842.248,35.454,distracted_down,0.99,-7.09,177.18,0.19,0.315,0
1782286842.278,35.485,distracted_down,0.99,-6.5,177.25,0.28,0.31,0
1782286842.311,35.518,distracted_down,0.99,-6.82,177.85,0.25,0.31,0
1782286842.343,35.55,distracted_down,0.99,-7.08,178.12,0.33,0.307,0
1782286842.376,35.583,distracted_down,0.99,-7.36,178.19,0.29,0.308,0
1782286842.425,35.632,distracted_down,0.99,-7.12,178.43,0.25,0.306,0
1782286842.455,35.662,distracted_down,0.99,-7.58,178.66,0.3,0.304,0
1782286842.488,35.694,distracted_down,0.99,-7.23,178.66,0.41,0.299,0
1782286842.52,35.726,distracted_down,0.99,-7.22,179.52,0.37,0.297,0
1782286842.554,35.76,distracted_down,0.99,-7.69,179.86,0.33,0.299,0
1782286842.584,35.79,distracted_down,0.99,-8.15,179.98,0.28,0.301,0
1782286842.615,35.822,distracted_up,0.99,-8.4,-179.49,0.16,0.302,0
1782286842.647,35.854,distracted_up,0.99,-8.08,-179.71,0.21,0.302,0
1782286842.679,35.886,distracted_up,0.99,-8.31,-179.33,0.13,0.305,0
1782286842.712,35.918,distracted_up,0.99,-8.87,-179.12,0.07,0.304,0
1782286842.744,35.95,distracted_up,0.99,-8.46,-178.99,0.09,0.306,0
1782286842.777,35.983,distracted_up,0.99,-6.86,-179.31,0.26,0.301,0
1782286842.824,36.03,distracted_up,0.99,-5.53,-179.06,0.26,0.299,0
1782286842.856,36.062,distracted_up,0.99,-6.71,-178.39,0.18,0.296,0
1782286842.888,36.095,distracted_up,0.99,-6.21,-178.45,0.12,0.295,0
1782286842.919,36.126,distracted_up,0.99,-5.47,-178.39,0.18,0.293,0
1782286842.951,36.158,distracted_up,0.99,-6.26,-177.81,0.14,0.294,0
1782286842.983,36.189,distracted_up,0.99,-6.8,-177.79,0.03,0.291,0
1782286843.016,36.223,distracted_up,0.99,-6.63,-177.64,0.03,0.294,0
1782286843.047,36.253,distracted_up,0.99,-6.99,-177.62,0.02,0.295,0
1782286843.079,36.285,distracted_up,0.99,-6.97,-177.26,0.01,0.3,0
1782286843.111,36.317,distracted_up,0.99,-7.21,-176.84,-0.07,0.301,0
1782286843.144,36.351,distracted_up,0.99,-7.31,-176.69,-0.03,0.302,0
1782286843.175,36.381,distracted_up,0.99,-7.13,-176.94,-0.01,0.298,0
1782286843.208,36.414,distracted_up,0.99,-7.69,-176.97,-0.13,0.3,0
1782286843.256,36.462,distracted_up,0.99,-6.97,-176.94,-0.07,0.302,0
1782286843.289,36.495,distracted_up,0.99,-6.81,-176.69,-0.06,0.302,0
1782286843.32,36.526,distracted_up,0.99,-6.97,-176.67,-0.03,0.301,0
1782286843.352,36.558,distracted_up,0.99,-6.56,-176.98,-0.03,0.3,0
1782286843.383,36.59,distracted_up,0.99,-6.68,-177.04,-0.06,0.301,0
1782286843.416,36.622,distracted_up,0.99,-7.02,-176.95,-0.04,0.303,0
1782286843.446,36.653,distracted_up,0.99,-7.88,-177.01,-0.09,0.302,0
1782286843.48,36.686,distracted_up,0.99,-7.16,-177.33,-0.02,0.303,0
1782286843.511,36.717,distracted_up,0.99,-7.65,-177.58,0.07,0.306,0
1782286843.544,36.75,distracted_up,0.99,-7.03,-177.9,0.19,0.304,0
1782286843.575,36.781,distracted_up,0.99,-7.27,-177.8,0.19,0.308,0
1782286843.607,36.813,distracted_up,0.99,-7.42,-177.91,0.18,0.307,0
1782286843.657,36.863,distracted_up,0.99,-7.62,-178.18,0.15,0.306,0
1782286843.688,36.894,distracted_up,0.99,-7.49,-178.3,0.19,0.305,0
1782286843.72,36.926,distracted_up,0.99,-7.39,-178.07,0.18,0.308,0
1782286843.751,36.957,distracted_up,0.99,-7.47,-178.18,0.17,0.306,0
1782286843.783,36.989,distracted_up,0.99,-7.38,-177.89,0.17,0.304,0
1782286843.816,37.022,distracted_up,0.99,-7.62,-177.97,0.14,0.305,0
1782286843.848,37.054,distracted_up,0.99,-7.13,-177.69,0.19,0.305,0
1782286843.88,37.086,distracted_up,0.99,-7.13,-177.68,0.21,0.303,0
1782286843.911,37.118,distracted_up,0.99,-7.13,-177.58,0.22,0.302,0
1782286843.943,37.15,distracted_up,0.99,-7.19,-177.61,0.21,0.305,0
1782286843.975,37.181,distracted_up,0.99,-7.03,-177.69,0.22,0.305,0
1782286844.008,37.214,distracted_up,0.99,-7.35,-177.5,0.14,0.307,0
1782286844.055,37.261,distracted_up,0.99,-7.46,-177.5,0.17,0.305,0
1782286844.086,37.292,distracted_up,0.99,-7.07,-177.59,0.19,0.31,0
1782286844.12,37.326,distracted_up,0.99,-6.73,-177.87,0.24,0.306,1
1782286844.151,37.357,distracted_up,0.99,-6.89,-177.96,0.22,0.305,0
1782286844.204,37.41,distracted_up,0.99,-6.85,-177.97,0.19,0.306,0
1782286844.215,37.422,distracted_up,0.99,-7.16,-177.94,0.22,0.304,0
1782286844.247,37.453,distracted_up,0.99,-6.64,-177.89,0.27,0.304,0
1782286844.279,37.486,distracted_up,0.99,-7.17,-178.01,0.26,0.306,0
1782286844.31,37.517,distracted_up,0.99,-7.17,-178.13,0.33,0.305,0
1782286844.343,37.55,distracted_up,0.99,-7.67,-178.22,0.33,0.304,0
1782286844.375,37.581,distracted_up,0.99,-7.77,-178.04,0.31,0.309,0
1782286844.407,37.614,distracted_up,0.99,-7.75,-178.06,0.29,0.308,0
1782286844.455,37.662,distracted_up,0.99,-7.93,-178.09,0.26,0.308,0
1782286844.487,37.694,distracted_up,0.99,-7.75,-178.08,0.27,0.309,0
1782286844.52,37.726,distracted_up,0.99,-7.97,-177.99,0.22,0.307,0
1782286844.552,37.758,distracted_up,0.99,-7.93,-178.08,0.24,0.309,0
1782286844.583,37.789,distracted_up,0.99,-8.01,-177.97,0.21,0.307,0
1782286844.615,37.821,distracted_up,0.99,-8.48,-178.01,0.13,0.305,0
1782286844.649,37.855,distracted_up,0.99,-8.16,-177.94,0.08,0.302,0
1782286844.678,37.885,distracted_up,0.99,-7.72,-177.94,0.12,0.303,0
1782286844.712,37.918,distracted_up,0.99,-7.8,-178.06,0.15,0.305,0
1782286844.743,37.95,distracted_up,0.99,-7.81,-177.99,0.14,0.303,0
1782286844.775,37.982,distracted_up,0.99,-7.45,-178.21,0.2,0.304,0
1782286844.806,38.013,distracted_up,0.99,-8.12,-178.36,0.34,0.309,0
1782286844.856,38.063,distracted_up,0.99,-8.71,-178.3,0.37,0.311,0
1782286844.887,38.093,distracted_up,0.99,-8.85,-178.51,0.34,0.311,0
1782286844.919,38.125,distracted_up,0.99,-9.43,-178.58,0.33,0.313,0
1782286844.951,38.157,distracted_up,0.99,-9.26,-178.95,0.36,0.317,0
1782286844.985,38.191,distracted_up,0.99,-9.35,-178.93,0.37,0.318,0
1782286845.015,38.221,distracted_up,0.99,-9.44,-179.2,0.44,0.321,0
1782286845.048,38.254,distracted_up,0.99,-9.38,-179.38,0.48,0.314,0
1782286845.079,38.286,distracted_up,0.99,-9.52,-179.58,0.49,0.315,0
1782286845.112,38.318,distracted_up,0.99,-9.2,-179.89,0.62,0.315,0
1782286845.143,38.349,distracted_down,0.99,-9.46,179.79,0.5,0.314,0
1782286845.175,38.381,distracted_down,0.99,-8.23,179.33,0.53,0.314,0
1782286845.209,38.415,distracted_down,0.99,-8.41,179.77,0.52,0.314,0
1782286845.255,38.461,distracted_down,0.99,-8.06,179.25,0.55,0.313,0
1782286845.287,38.493,distracted_down,0.99,-8.51,179.29,0.51,0.313,0
1782286845.32,38.526,distracted_down,0.99,-8.02,179.26,0.54,0.31,0
1782286845.351,38.557,distracted_down,0.99,-8.02,179.02,0.61,0.312,0
1782286845.383,38.589,distracted_down,0.99,-7.72,178.86,0.57,0.311,0
1782286845.417,38.624,distracted_down,0.99,-8.03,179.67,0.58,0.31,0
1782286845.447,38.653,distracted_down,0.99,-7.96,179.31,0.62,0.311,0
1782286845.48,38.686,distracted_down,0.99,-8.12,179.57,0.62,0.309,0
1782286845.511,38.717,distracted_down,0.99,-8.51,179.05,0.55,0.308,0
1782286845.544,38.75,distracted_down,0.99,-9.23,178.76,0.5,0.296,0
1782286845.576,38.782,distracted_down,0.99,-10.39,178.89,0.27,0.292,0
1782286845.607,38.814,distracted_down,0.99,-9.7,178.93,0.38,0.295,0
1782286845.656,38.862,distracted_down,0.99,-9.87,179.07,0.37,0.298,0
1782286845.687,38.893,distracted_down,0.99,-9.39,179.06,0.41,0.295,0
1782286845.719,38.925,distracted_down,0.99,-9.9,179.44,0.35,0.302,0
1782286845.751,38.957,distracted_down,0.99,-9.73,179.6,0.26,0.298,0
1782286845.783,38.989,distracted_down,0.99,-9.38,179.78,0.31,0.295,0
1782286845.817,39.023,distracted_down,0.99,-8.99,179.99,0.26,0.294,0
1782286845.847,39.053,distracted_down,0.99,-9.41,179.99,0.27,0.295,0
1782286845.879,39.085,distracted_up,0.99,-9.11,-179.21,0.13,0.305,0
1782286845.911,39.117,distracted_up,0.99,-7.83,-179.53,0.32,0.308,0
1782286845.943,39.149,distracted_up,0.99,-7.85,-179.25,0.26,0.303,0
1782286845.975,39.181,distracted_up,0.99,-7.88,-178.92,0.25,0.299,0
1782286846.007,39.213,distracted_up,0.99,-8.17,-178.82,0.19,0.301,0
1782286846.056,39.262,distracted_up,0.99,-8.36,-178.84,0.24,0.301,0
1782286846.088,39.294,distracted_up,0.99,-7.5,-178.84,0.22,0.299,0
1782286846.118,39.324,distracted_up,0.99,-7.39,-178.43,0.21,0.302,0
1782286846.151,39.357,distracted_up,0.99,-7.07,-178.09,0.26,0.304,0
1782286846.183,39.39,distracted_up,0.99,-6.49,-178.07,0.37,0.314,0
1782286846.215,39.421,distracted_up,0.99,-6.16,-177.95,0.4,0.311,0
1782286846.246,39.453,distracted_up,0.99,-6.54,-177.59,0.34,0.298,0
1782286846.297,39.503,distracted_up,0.99,-6.21,-177.08,0.37,0.301,0
1782286846.312,39.518,distracted_up,0.99,-6.48,-176.9,0.26,0.3,0
1782286846.342,39.549,distracted_up,0.99,-6.52,-176.72,0.19,0.297,0
1782286846.375,39.582,distracted_up,0.99,-6.3,-176.51,0.16,0.298,0
1782286846.406,39.613,distracted_up,0.99,-6.91,-176.65,0.1,0.297,0
1782286846.439,39.645,distracted_up,0.99,-6.95,-177.09,0.21,0.292,0
1782286846.489,39.695,distracted_up,0.99,-7.61,-178.05,0.45,0.276,0
1782286846.52,39.726,distracted_up,0.99,-8.39,-178.08,0.4,0.281,0
1782286846.552,39.758,distracted_up,0.99,-9.63,-177.38,0.27,0.281,0
1782286846.585,39.791,distracted_up,0.99,-9.53,-177.32,0.34,0.276,0
1782286846.617,39.823,distracted_up,0.99,-9.11,-177.76,0.37,0.279,0
1782286846.646,39.853,distracted_up,0.99,-9.72,-177.94,0.43,0.279,0
1782286846.679,39.885,distracted_up,0.99,-10.28,-178.29,0.41,0.284,0
1782286846.712,39.918,distracted_up,0.99,-9.99,-178.71,0.35,0.29,0
1782286846.743,39.949,distracted_up,0.99,-9.34,-178.99,0.56,0.301,0
1782286846.775,39.982,distracted_down,0.99,-9.01,179.85,0.66,0.291,0
1782286846.807,40.013,distracted_down,0.99,-9.08,179.46,0.67,0.295,0
1782286846.839,40.046,distracted_down,0.99,-10.47,179.48,0.72,0.292,0
1782286846.889,40.095,distracted_down,0.99,-10.24,179.22,0.64,0.291,0
1782286846.919,40.125,distracted_down,0.99,-10.29,179.54,0.67,0.287,0
1782286846.952,40.158,distracted_down,0.99,-10.23,179.43,0.71,0.28,0
1782286846.983,40.189,distracted_down,0.99,-10.23,179.62,0.71,0.278,0
1782286847.015,40.221,distracted_down,0.99,-10.23,179.88,0.68,0.278,0
1782286847.047,40.253,distracted_up,0.99,-9.97,-179.96,0.68,0.278,0
1782286847.078,40.285,distracted_up,0.99,-9.73,-179.37,0.66,0.281,0
1782286847.112,40.318,distracted_up,0.99,-10.08,-179.65,0.7,0.275,0
1782286847.144,40.351,distracted_up,0.99,-10.12,-179.28,0.74,0.279,0
1782286847.175,40.382,distracted_up,0.99,-9.91,-179.11,0.78,0.277,0
1782286847.207,40.414,distracted_up,0.99,-9.06,-178.73,0.69,0.278,0
1782286847.238,40.445,distracted_up,0.99,-8.3,-177.79,0.36,0.271,0
1782286847.287,40.493,distracted_up,0.99,-8.08,-177.11,0.24,0.287,0
1782286847.319,40.525,distracted_up,0.99,-8.74,-175.99,0.07,0.3,0
1782286847.351,40.557,distracted_up,0.99,-7.84,-175.17,-0.0,0.292,0
1782286847.384,40.59,distracted_up,0.99,-7.99,-174.72,-0.21,0.301,0
1782286847.415,40.621,distracted_up,0.99,-7.42,-174.89,-0.12,0.296,0
1782286847.448,40.654,distracted_up,0.99,-6.73,-174.75,-0.13,0.294,0
1782286847.48,40.686,distracted_up,0.99,-7.01,-174.8,-0.09,0.298,0
1782286847.511,40.717,distracted_up,0.99,-7.01,-175.01,-0.1,0.3,0
1782286847.542,40.749,distracted_up,0.99,-6.02,-175.26,0.04,0.297,0
1782286847.575,40.782,distracted_up,0.99,-6.5,-175.27,-0.05,0.298,0
1782286847.608,40.815,distracted_up,0.99,-6.77,-175.26,-0.07,0.296,0
1782286847.64,40.847,distracted_up,0.99,-6.89,-175.21,-0.04,0.296,0
1782286847.687,40.893,distracted_up,0.99,-6.62,-175.19,-0.03,0.297,0
1782286847.721,40.927,distracted_up,0.99,-6.61,-175.17,-0.01,0.298,0
1782286847.753,40.959,distracted_up,0.99,-6.53,-175.18,0.01,0.298,0
1782286847.784,40.99,distracted_up,0.99,-6.31,-175.16,0.03,0.301,0
1782286847.816,41.022,distracted_up,0.99,-6.32,-175.12,0.02,0.304,0
1782286847.846,41.053,distracted_up,0.99,-6.55,-175.14,-0.01,0.303,0
1782286847.879,41.086,distracted_up,0.99,-6.11,-175.21,-0.01,0.303,0
1782286847.912,41.119,distracted_up,0.99,-6.22,-175.22,0.01,0.301,0
1782286847.943,41.15,distracted_up,0.99,-6.11,-175.24,0.03,0.301,0
1782286847.976,41.182,distracted_up,0.99,-6.54,-175.12,0.05,0.305,0
1782286848.008,41.214,distracted_up,0.99,-6.3,-175.21,0.01,0.3,0
1782286848.039,41.246,distracted_up,0.99,-6.03,-175.34,0.06,0.3,0
1782286848.087,41.293,distracted_up,0.99,-6.19,-175.19,0.01,0.305,0
1782286848.12,41.326,distracted_up,0.99,-5.8,-175.26,0.07,0.303,0
1782286848.151,41.357,distracted_up,0.99,-6.27,-175.18,0.01,0.306,0
1782286848.183,41.389,distracted_up,0.99,-5.86,-175.32,0.06,0.302,0
1782286848.215,41.421,distracted_up,0.99,-6.64,-175.26,-0.06,0.305,0
1782286848.248,41.454,distracted_up,0.99,-6.58,-175.34,-0.01,0.301,0
1782286848.279,41.485,distracted_up,0.99,-6.76,-175.49,0.04,0.303,0
1782286848.311,41.517,distracted_up,0.99,-6.8,-175.71,0.14,0.303,0
1782286848.343,41.55,distracted_up,0.99,-6.96,-175.91,0.15,0.301,0
1782286848.376,41.583,distracted_up,0.99,-7.5,-175.89,0.18,0.304,0
1782286848.407,41.614,distracted_up,0.99,-8.91,-176.38,0.15,0.307,0
1782286848.439,41.645,distracted_up,0.99,-10.08,-176.79,-0.07,0.315,0
1782286848.488,41.695,distracted_up,0.99,-10.45,-177.39,-0.12,0.316,0
1782286848.536,41.743,distracted_up,0.99,-9.33,-177.92,-0.03,0.316,0
1782286848.551,41.757,distracted_up,0.99,-8.87,-178.03,-0.1,0.316,1
1782286848.583,41.789,distracted_up,0.99,-9.15,-178.69,0.21,0.312,0
1782286848.615,41.821,distracted_up,0.99,-9.96,-179.01,0.05,0.32,0
1782286848.648,41.854,distracted_up,0.99,-10.39,-179.8,-0.01,0.32,0
1782286848.679,41.886,distracted_down,0.99,-10.69,179.4,0.08,0.321,0
1782286848.711,41.918,distracted_down,0.99,-9.94,178.72,0.2,0.316,0
1782286848.743,41.95,distracted_down,0.99,-9.07,178.06,0.21,0.314,0
1782286848.775,41.981,distracted_down,0.99,-9.62,177.7,0.14,0.314,0
1782286848.807,42.013,distracted_down,0.99,-9.85,177.4,0.25,0.305,0
1782286848.839,42.046,distracted_down,0.99,-9.03,177.07,0.28,0.301,0
1782286848.887,42.093,distracted_down,0.99,-9.22,176.95,0.47,0.296,0
1782286848.919,42.125,distracted_down,0.99,-9.31,176.63,0.51,0.292,0
1782286848.951,42.157,distracted_down,0.99,-8.59,176.5,0.53,0.293,0
1782286848.982,42.189,distracted_down,0.99,-9.0,177.15,0.51,0.282,0
1782286849.015,42.222,distracted_down,0.99,-8.71,176.9,0.62,0.286,0
1782286849.046,42.253,distracted_down,0.99,-9.19,177.21,0.52,0.28,0
1782286849.08,42.286,distracted_down,0.99,-9.14,177.49,0.54,0.28,0
1782286849.111,42.317,distracted_down,0.99,-9.11,177.49,0.58,0.281,0
1782286849.144,42.351,distracted_down,0.99,-8.95,177.6,0.63,0.281,0
1782286849.175,42.382,distracted_down,0.99,-9.2,177.44,0.66,0.282,0
1782286849.206,42.413,distracted_down,0.99,-8.71,177.48,0.56,0.287,0
1782286849.239,42.445,distracted_down,0.99,-8.96,177.59,0.64,0.28,0
1782286849.287,42.493,distracted_down,0.99,-8.5,177.45,0.54,0.284,0
1782286849.319,42.525,distracted_down,0.99,-9.26,177.63,0.59,0.282,0
1782286849.352,42.558,distracted_down,0.99,-9.03,177.36,0.59,0.285,0
1782286849.383,42.589,distracted_down,0.99,-9.23,177.47,0.61,0.279,0
1782286849.415,42.621,distracted_down,0.99,-9.42,177.81,0.68,0.284,0
1782286849.447,42.653,distracted_down,0.99,-9.06,177.88,0.63,0.283,0
1782286849.479,42.685,distracted_down,0.99,-9.43,178.14,0.56,0.28,0
1782286849.511,42.717,distracted_down,0.99,-9.71,178.45,0.49,0.277,0
1782286849.544,42.75,distracted_down,0.99,-10.0,178.36,0.21,0.282,0
1782286849.576,42.782,distracted_down,0.99,-10.17,178.37,0.16,0.282,0
1782286849.607,42.813,distracted_down,0.99,-10.24,178.09,0.13,0.28,0
1782286849.638,42.844,distracted_down,0.99,-10.34,178.25,0.19,0.282,0
1782286849.671,42.878,distracted_down,0.99,-10.24,178.55,0.1,0.281,0
1782286849.719,42.925,distracted_down,0.99,-10.11,178.58,0.17,0.284,0
1782286849.751,42.957,distracted_down,0.99,-9.76,178.73,0.08,0.287,0
1782286849.784,42.99,distracted_down,0.99,-10.25,178.91,0.06,0.287,0
1782286849.816,43.022,distracted_down,0.99,-9.64,178.4,0.2,0.283,0
1782286849.848,43.054,distracted_down,0.99,-9.35,178.62,0.22,0.29,0
1782286849.879,43.085,distracted_down,0.99,-9.72,178.57,0.43,0.287,0
1782286849.911,43.118,distracted_down,0.99,-9.8,177.98,0.83,0.283,0
1782286849.942,43.149,distracted_down,0.99,-9.24,178.45,1.12,0.28,0
1782286849.976,43.183,distracted_down,0.99,-9.32,179.06,1.04,0.278,0
1782286850.008,43.214,distracted_down,0.99,-9.47,178.74,1.36,0.282,0
1782286850.039,43.245,distracted_down,0.99,-9.38,178.62,1.76,0.277,0
1782286850.072,43.278,distracted_down,0.99,-8.56,178.72,2.36,0.276,0
1782286850.121,43.327,distracted_down,0.99,-7.97,178.35,2.8,0.278,0
1782286850.152,43.358,distracted_down,0.99,-8.27,178.1,3.33,0.277,0
1782286850.185,43.391,distracted_down,0.99,-7.74,177.89,3.64,0.285,0
1782286850.216,43.422,distracted_down,0.99,-6.69,177.89,3.94,0.28,0
1782286850.248,43.454,distracted_down,0.99,-7.8,178.06,4.1,0.288,0
1782286850.279,43.485,distracted_down,0.99,-9.77,177.9,4.2,0.293,0
1782286850.311,43.517,distracted_down,0.99,-8.37,177.37,4.32,0.299,0
1782286850.344,43.55,distracted_down,0.99,-8.84,176.97,4.19,0.288,0
1782286850.375,43.581,distracted_down,0.99,-8.73,177.25,3.97,0.285,0
1782286850.407,43.613,distracted_down,0.99,-8.2,177.26,3.36,0.287,0
1782286850.44,43.646,distracted_down,0.99,-7.77,177.19,2.62,0.297,0
1782286850.471,43.677,distracted_down,0.99,-7.79,177.09,2.17,0.313,0
1782286850.518,43.724,distracted_down,0.99,-7.46,176.77,1.97,0.318,0
1782286850.552,43.758,distracted_down,0.99,-5.98,176.19,1.86,0.296,0
1782286850.583,43.789,distracted_down,0.99,-6.5,176.02,1.63,0.3,0
1782286850.632,43.838,distracted_down,0.99,-6.41,176.4,1.54,0.298,0
1782286850.648,43.854,distracted_down,0.99,-6.18,176.38,1.65,0.299,0
1782286850.679,43.885,distracted_down,0.99,-6.71,176.17,1.71,0.292,0
1782286850.712,43.918,distracted_down,0.99,-7.43,176.48,1.78,0.289,0
1782286850.743,43.949,distracted_down,0.99,-7.05,176.97,1.73,0.298,0
1782286850.775,43.981,distracted_down,0.99,-6.38,177.16,1.78,0.298,0
1782286850.807,44.013,distracted_down,0.99,-7.06,177.06,1.38,0.284,0
1782286850.839,44.045,distracted_down,0.99,-7.68,176.85,0.97,0.293,0
1782286850.872,44.078,distracted_down,0.99,-8.17,176.7,0.57,0.294,0
1782286850.919,44.125,distracted_down,0.99,-7.75,176.62,0.34,0.287,0
1782286850.952,44.158,distracted_down,0.99,-6.86,176.51,0.27,0.291,0
1782286850.984,44.19,distracted_down,0.99,-6.68,176.77,0.28,0.288,0
1782286851.015,44.221,distracted_down,0.99,-6.27,176.77,0.39,0.281,0
1782286851.047,44.253,distracted_down,0.99,-6.07,176.57,0.44,0.285,0
1782286851.081,44.287,distracted_down,0.99,-7.41,177.22,0.28,0.295,0
1782286851.111,44.317,distracted_down,0.99,-7.62,176.7,0.16,0.299,0
1782286851.143,44.349,distracted_down,0.99,-7.14,176.85,-0.06,0.3,0
1782286851.175,44.381,distracted_down,0.99,-5.63,177.08,-0.18,0.289,0
1782286851.207,44.413,distracted_down,0.99,-5.66,177.43,-0.4,0.294,0
1782286851.239,44.445,distracted_down,0.99,-5.75,177.39,-0.55,0.287,0
1782286851.271,44.477,distracted_down,0.99,-5.28,177.47,-0.62,0.29,0
1782286851.32,44.526,distracted_down,0.99,-4.46,177.22,-0.56,0.294,0
1782286851.351,44.557,distracted_down,0.99,-4.81,177.34,-0.68,0.29,0
1782286851.383,44.59,distracted_down,0.99,-4.43,177.54,-0.62,0.289,0
1782286851.415,44.621,distracted_down,0.99,-3.94,177.28,-0.52,0.284,0
1782286851.447,44.653,distracted_down,0.99,-4.53,177.14,-0.47,0.288,0
1782286851.479,44.686,distracted_down,0.99,-4.41,177.11,-0.39,0.284,0
1782286851.512,44.718,distracted_down,0.99,-5.05,177.16,-0.41,0.285,0
1782286851.543,44.75,distracted_down,0.99,-5.48,177.19,-0.42,0.286,0
1782286851.575,44.781,distracted_down,0.99,-4.88,177.43,-0.34,0.284,0
1782286851.608,44.815,distracted_down,0.99,-5.46,177.68,-0.38,0.287,0
1782286851.639,44.845,distracted_down,0.99,-5.16,177.71,-0.06,0.288,0
1782286851.755,44.961,distracted_down,0.99,-5.56,177.43,0.01,0.287,0
1782286851.784,44.99,distracted_down,0.99,-6.07,177.66,-0.02,0.293,0
1782286851.815,45.021,distracted_down,0.99,-6.02,177.56,-0.07,0.29,0
1782286851.848,45.054,distracted_down,0.99,-5.65,177.68,-0.05,0.29,0
1782286851.88,45.086,distracted_down,0.99,-5.95,177.87,0.08,0.289,0
1782286851.911,45.117,distracted_down,0.99,-5.08,177.78,-0.02,0.285,0
1782286851.943,45.149,distracted_down,0.99,-4.63,177.66,0.2,0.277,0
1782286851.975,45.182,distracted_down,0.99,-4.56,178.48,0.37,0.261,0
1782286852.007,45.213,distracted_down,0.99,-5.49,178.19,0.4,0.263,0
1782286852.039,45.245,distracted_down,0.99,-5.83,178.29,0.34,0.263,0
1782286852.072,45.278,distracted_down,0.99,-6.47,178.54,0.32,0.265,0
1782286852.119,45.326,distracted_down,0.99,-7.22,178.65,0.37,0.264,0
1782286852.15,45.357,distracted_down,0.99,-8.0,178.47,0.24,0.268,0
1782286852.183,45.39,distracted_down,0.99,-8.31,178.5,0.23,0.265,0
1782286852.215,45.421,distracted_down,0.99,-9.29,178.84,0.34,0.263,0
1782286852.247,45.453,distracted_down,0.99,-8.72,178.8,0.35,0.264,0
1782286852.279,45.485,distracted_down,0.99,-9.45,179.22,0.28,0.264,0
1782286852.312,45.518,distracted_down,0.99,-10.07,179.35,0.25,0.264,0
1782286852.343,45.549,distracted_down,0.99,-10.61,179.69,-0.19,0.258,0
1782286852.375,45.581,distracted_up,0.99,-9.17,-179.95,-0.15,0.273,0
1782286852.408,45.614,distracted_up,0.99,-8.69,-179.61,-0.18,0.285,0
1782286852.439,45.645,distracted_up,0.99,-8.44,-179.78,-0.13,0.288,0
1782286852.472,45.678,distracted_up,0.99,-8.4,-179.73,-0.16,0.287,0
1782286852.519,45.725,distracted_up,0.99,-8.27,-179.88,-0.15,0.29,0
1782286852.551,45.757,distracted_up,0.99,-8.43,-179.74,-0.13,0.29,0
1782286852.583,45.789,distracted_down,0.99,-8.3,179.96,-0.1,0.289,0
1782286852.616,45.822,distracted_up,0.99,-8.63,-179.74,-0.2,0.286,0
1782286852.648,45.854,distracted_down,0.99,-8.92,179.39,-0.15,0.27,0
1782286852.679,45.885,distracted_down,0.99,-9.3,179.07,-0.33,0.263,0
1782286852.711,45.917,distracted_down,0.99,-9.12,179.39,-0.5,0.266,0
1782286852.743,45.95,distracted_down,0.99,-7.85,179.69,-0.58,0.274,0
1782286852.797,46.003,distracted_down,0.99,-7.21,179.64,-0.6,0.276,0
1782286852.807,46.013,distracted_up,0.99,-6.59,-179.6,-0.8,0.266,0
1782286852.841,46.047,distracted_up,0.99,-5.32,-179.19,-0.83,0.267,0
1782286852.873,46.079,distracted_up,0.99,-4.85,-179.33,-0.76,0.275,0
1782286852.903,46.109,distracted_up,0.99,-5.21,-179.11,-0.77,0.28,0
1782286852.951,46.157,distracted_up,0.99,-5.56,-179.08,-0.78,0.282,0
1782286852.982,46.188,distracted_up,0.99,-6.32,-178.63,-0.79,0.281,0
1782286853.015,46.221,distracted_up,0.99,-6.87,-178.47,-0.74,0.281,0
1782286853.047,46.253,distracted_up,0.99,-7.44,-178.44,-0.77,0.276,0
1782286853.079,46.285,distracted_up,0.99,-8.2,-178.39,-0.79,0.276,0
1782286853.112,46.318,distracted_up,0.99,-8.13,-178.44,-0.72,0.271,0
1782286853.145,46.351,distracted_up,0.99,-8.63,-178.87,-0.15,0.248,0
1782286853.175,46.381,distracted_up,0.99,-11.06,-178.99,-0.21,0.223,0
1782286853.208,46.415,distracted_up,0.99,-13.07,-179.15,-0.33,0.23,0
1782286853.239,46.446,distracted_up,0.99,-15.49,-178.91,-0.64,0.246,0
1782286853.272,46.478,distracted_up,0.99,-16.05,-178.16,-0.88,0.25,0
1782286853.304,46.51,distracted_up,0.99,-16.43,-177.68,-1.05,0.252,0
1782286853.352,46.558,distracted_up,0.99,-15.98,-177.5,-1.09,0.256,0
1782286853.383,46.589,distracted_up,0.99,-16.02,-177.1,-1.42,0.251,0
1782286853.414,46.621,distracted_up,0.99,-15.5,-177.26,-1.4,0.252,0
1782286853.447,46.654,distracted_up,0.99,-15.2,-176.83,-1.48,0.247,0
1782286853.48,46.687,distracted_up,0.99,-14.94,-177.32,-1.33,0.252,0
1782286853.511,46.717,distracted_up,0.99,-16.81,-176.99,-1.46,0.245,0
1782286853.543,46.749,distracted_up,0.99,-17.39,-176.79,-1.54,0.268,0
1782286853.575,46.781,distracted_up,0.99,-16.17,-176.2,-1.4,0.296,0
